Ranking,Movie Title,Movie Link,Poster Img Link,Released_Year,Duration,Certificate,IMDB Rating
1, The Shawshank Redemption,https://www.imdb.com/title/tt0111161/?ref_=chttp_t_1,"https://m.media-amazon.com/images/M/MV5BNDE3ODcxYzMtY2YzZC00NmNlLWJiNDMtZDViZWM2MzIxZDYwXkEyXkFqcGdeQXVyNjAwNDUxODI@._V1_QL75_UX140_CR0,1,140,207_.jpg",1994,2h 22m,R,9.3
2, The Godfather,https://www.imdb.com/title/tt0068646/?ref_=chttp_t_2,"https://m.media-amazon.com/images/M/MV5BM2MyNjYxNmUtYTAwNi00MTYxLWJmNWYtYzZlODY3ZTk3OTFlXkEyXkFqcGdeQXVyNzkwMjQ5NzM@._V1_QL75_UY207_CR3,0,140,207_.jpg",1972,2h 55m,R,9.2
3, The Dark Knight,https://www.imdb.com/title/tt0468569/?ref_=chttp_t_3,"https://m.media-amazon.com/images/M/MV5BMTMxNTMwODM0NF5BMl5BanBnXkFtZTcwODAyMTk2Mw@@._V1_QL75_UX140_CR0,0,140,207_.jpg",2008,2h 32m,PG-13,9
4, The Godfather Part II,https://www.imdb.com/title/tt0071562/?ref_=chttp_t_4,"https://m.media-amazon.com/images/M/MV5BMWMwMGQzZTItY2JlNC00OWZiLWIyMDctNDk2ZDQ2YjRjMWQ0XkEyXkFqcGdeQXVyNzkwMjQ5NzM@._V1_QL75_UY207_CR3,0,140,207_.jpg",1974,3h 22m,R,9
5, 12 Angry Men,https://www.imdb.com/title/tt0050083/?ref_=chttp_t_5,"https://m.media-amazon.com/images/M/MV5BMWU4N2FjNzYtNTVkNC00NzQ0LTg0MjAtYTJlMjFhNGUxZDFmXkEyXkFqcGdeQXVyNjc1NTYyMjg@._V1_QL75_UX140_CR0,4,140,207_.jpg",1957,1h 36m,Approved,9
6, Schindler's List,https://www.imdb.com/title/tt0108052/?ref_=chttp_t_6,"https://m.media-amazon.com/images/M/MV5BNDE4OTMxMTctNmRhYy00NWE2LTg3YzItYTk3M2UwOTU5Njg4XkEyXkFqcGdeQXVyNjU0OTQ0OTY@._V1_QL75_UX140_CR0,1,140,207_.jpg",1993,3h 15m,R,9
7, The Lord of the Rings: The Return of the King,https://www.imdb.com/title/tt0167260/?ref_=chttp_t_7,"https://m.media-amazon.com/images/M/MV5BNzA5ZDNlZWMtM2NhNS00NDJjLTk4NDItYTRmY2EwMWZlMTY3XkEyXkFqcGdeQXVyNzkwMjQ5NzM@._V1_QL75_UX140_CR0,0,140,207_.jpg",2003,3h 21m,PG-13,9
8, Pulp Fiction,https://www.imdb.com/title/tt0110912/?ref_=chttp_t_8,"https://m.media-amazon.com/images/M/MV5BNGNhMDIzZTUtNTBlZi00MTRlLWFjM2ItYzViMjE3YzI5MjljXkEyXkFqcGdeQXVyNzkwMjQ5NzM@._V1_QL75_UY207_CR1,0,140,207_.jpg",1994,2h 34m,R,8.9
9, The Lord of the Rings: The Fellowship of the Ring,https://www.imdb.com/title/tt0120737/?ref_=chttp_t_9,"https://m.media-amazon.com/images/M/MV5BN2EyZjM3NzUtNWUzMi00MTgxLWI0NTctMzY4M2VlOTdjZWRiXkEyXkFqcGdeQXVyNDUzOTQ5MjY@._V1_QL75_UX140_CR0,0,140,207_.jpg",2001,2h 58m,PG-13,8.8
10," The Good, the Bad and the Ugly",https://www.imdb.com/title/tt0060196/?ref_=chttp_t_10,"https://m.media-amazon.com/images/M/MV5BNjJlYmNkZGItM2NhYy00MjlmLTk5NmQtNjg1NmM2ODU4OTMwXkEyXkFqcGdeQXVyMjUzOTY1NTc@._V1_QL75_UX140_CR0,1,140,207_.jpg",1966,2h 58m,Approved,8.8
11, Forrest Gump,https://www.imdb.com/title/tt0109830/?ref_=chttp_t_11,"https://m.media-amazon.com/images/M/MV5BNWIwODRlZTUtY2U3ZS00Yzg1LWJhNzYtMmZiYmEyNmU1NjMzXkEyXkFqcGdeQXVyMTQxNzMzNDI@._V1_QL75_UY207_CR2,0,140,207_.jpg",1994,2h 22m,PG-13,8.8
12, Fight Club,https://www.imdb.com/title/tt0137523/?ref_=chttp_t_12,"https://m.media-amazon.com/images/M/MV5BODQ0OWJiMzktYjNlYi00MzcwLThlZWMtMzRkYTY4ZDgxNzgxXkEyXkFqcGdeQXVyNzkwMjQ5NzM@._V1_QL75_UX140_CR0,1,140,207_.jpg",1999,2h 19m,R,8.8
13, The Lord of the Rings: The Two Towers,https://www.imdb.com/title/tt0167261/?ref_=chttp_t_13,"https://m.media-amazon.com/images/M/MV5BZGMxZTdjZmYtMmE2Ni00ZTdkLWI5NTgtNjlmMjBiNzU2MmI5XkEyXkFqcGdeQXVyNjU0OTQ0OTY@._V1_QL75_UX140_CR0,5,140,207_.jpg",2002,2h 59m,PG-13,8.8
14, Inception,https://www.imdb.com/title/tt1375666/?ref_=chttp_t_14,"https://m.media-amazon.com/images/M/MV5BMjAxMzY3NjcxNF5BMl5BanBnXkFtZTcwNTI5OTM0Mw@@._V1_QL75_UX140_CR0,0,140,207_.jpg",2010,2h 28m,PG-13,8.8
15, Star Wars: Episode V - The Empire Strikes Back,https://www.imdb.com/title/tt0080684/?ref_=chttp_t_15,"https://m.media-amazon.com/images/M/MV5BYmU1NDRjNDgtMzhiMi00NjZmLTg5NGItZDNiZjU5NTU4OTE0XkEyXkFqcGdeQXVyNzkwMjQ5NzM@._V1_QL75_UX140_CR0,5,140,207_.jpg",1980,2h 4m,PG,8.7
16, The Matrix,https://www.imdb.com/title/tt0133093/?ref_=chttp_t_16,"https://m.media-amazon.com/images/M/MV5BNzQzOTk3OTAtNDQ0Zi00ZTVkLWI0MTEtMDllZjNkYzNjNTc4L2ltYWdlXkEyXkFqcGdeQXVyNjU0OTQ0OTY@._V1_QL75_UX140_CR0,1,140,207_.jpg",1999,2h 16m,R,8.7
17, Goodfellas,https://www.imdb.com/title/tt0099685/?ref_=chttp_t_17,"https://m.media-amazon.com/images/M/MV5BY2NkZjEzMDgtN2RjYy00YzM1LWI4ZmQtMjIwYjFjNmI3ZGEwXkEyXkFqcGdeQXVyNzkwMjQ5NzM@._V1_QL75_UX140_CR0,1,140,207_.jpg",1990,2h 25m,18+,8.7
18, Spider-Man: Across the Spider-Verse,https://www.imdb.com/title/tt9362722/?ref_=chttp_t_18,"https://m.media-amazon.com/images/M/MV5BMzI0NmVkMjEtYmY4MS00ZDMxLTlkZmEtMzU4MDQxYTMzMjU2XkEyXkFqcGdeQXVyMzQ0MzA0NTM@._V1_QL75_UX140_CR0,0,140,207_.jpg",2023,2h 20m,PG,8.8
19, One Flew Over the Cuckoo's Nest,https://www.imdb.com/title/tt0073486/?ref_=chttp_t_19,"https://m.media-amazon.com/images/M/MV5BZjA0OWVhOTAtYWQxNi00YzNhLWI4ZjYtNjFjZTEyYjJlNDVlL2ltYWdlL2ltYWdlXkEyXkFqcGdeQXVyMTQxNzMzNDI@._V1_QL75_UX140_CR0,0,140,207_.jpg",1975,2h 13m,R,8.7
20, Se7en,https://www.imdb.com/title/tt0114369/?ref_=chttp_t_20,"https://m.media-amazon.com/images/M/MV5BOTUwODM5MTctZjczMi00OTk4LTg3NWUtNmVhMTAzNTNjYjcyXkEyXkFqcGdeQXVyNjU0OTQ0OTY@._V1_QL75_UX140_CR0,6,140,207_.jpg",1995,2h 7m,R,8.6
21, It's a Wonderful Life,https://www.imdb.com/title/tt0038650/?ref_=chttp_t_21,"https://m.media-amazon.com/images/M/MV5BZjc4NDZhZWMtNGEzYS00ZWU2LThlM2ItNTA0YzQ0OTExMTE2XkEyXkFqcGdeQXVyNjUwMzI2NzU@._V1_QL75_UY207_CR1,0,140,207_.jpg",1946,2h 10m,PG,8.6
22, Seven Samurai,https://www.imdb.com/title/tt0047478/?ref_=chttp_t_22,"https://m.media-amazon.com/images/M/MV5BNWQ3OTM4ZGItMWEwZi00MjI5LWI3YzgtNTYwNWRkNmIzMGI5XkEyXkFqcGdeQXVyNDY2MTk1ODk@._V1_QL75_UY207_CR4,0,140,207_.jpg",1954,3h 27m,Not Rated,8.6
23, The Silence of the Lambs,https://www.imdb.com/title/tt0102926/?ref_=chttp_t_23,"https://m.media-amazon.com/images/M/MV5BNjNhZTk0ZmEtNjJhMi00YzFlLWE1MmEtYzM1M2ZmMGMwMTU4XkEyXkFqcGdeQXVyNjU0OTQ0OTY@._V1_QL75_UY207_CR0,0,140,207_.jpg",1991,1h 58m,R,8.6
24, Interstellar,https://www.imdb.com/title/tt0816692/?ref_=chttp_t_24,"https://m.media-amazon.com/images/M/MV5BZjdkOTU3MDktN2IxOS00OGEyLWFmMjktY2FiMmZkNWIyODZiXkEyXkFqcGdeQXVyMTMxODk2OTU@._V1_QL75_UX140_CR0,0,140,207_.jpg",2014,2h 49m,PG-13,8.7
25, Saving Private Ryan,https://www.imdb.com/title/tt0120815/?ref_=chttp_t_25,"https://m.media-amazon.com/images/M/MV5BZjhkMDM4MWItZTVjOC00ZDRhLThmYTAtM2I5NzBmNmNlMzI1XkEyXkFqcGdeQXVyNDYyMDk5MTU@._V1_QL75_UY207_CR1,0,140,207_.jpg",1998,2h 49m,R,8.6
26, City of God,https://www.imdb.com/title/tt0317248/?ref_=chttp_t_26,"https://m.media-amazon.com/images/M/MV5BOTMwYjc5ZmItYTFjZC00ZGQ3LTlkNTMtMjZiNTZlMWQzNzI5XkEyXkFqcGdeQXVyNzkwMjQ5NzM@._V1_QL75_UX140_CR0,1,140,207_.jpg",2002,2h 10m,R,8.6
27, Life Is Beautiful,https://www.imdb.com/title/tt0118799/?ref_=chttp_t_27,"https://m.media-amazon.com/images/M/MV5BYmJmM2Q4NmMtYThmNC00ZjRlLWEyZmItZTIwOTBlZDQ3NTQ1XkEyXkFqcGdeQXVyMTQxNzMzNDI@._V1_QL75_UX140_CR0,1,140,207_.jpg",1997,1h 56m,PG-13,8.6
28, The Green Mile,https://www.imdb.com/title/tt0120689/?ref_=chttp_t_28,"https://m.media-amazon.com/images/M/MV5BMTUxMzQyNjA5MF5BMl5BanBnXkFtZTYwOTU2NTY3._V1_QL75_UX140_CR0,0,140,207_.jpg",1999,3h 9m,R,8.6
29, Star Wars: Episode IV - A New Hope,https://www.imdb.com/title/tt0076759/?ref_=chttp_t_29,"https://m.media-amazon.com/images/M/MV5BOTA5NjhiOTAtZWM0ZC00MWNhLThiMzEtZDFkOTk2OTU1ZDJkXkEyXkFqcGdeQXVyMTA4NDI1NTQx._V1_QL75_UX140_CR0,3,140,207_.jpg",1977,2h 1m,PG,8.6
30, Terminator 2: Judgment Day,https://www.imdb.com/title/tt0103064/?ref_=chttp_t_30,"https://m.media-amazon.com/images/M/MV5BMGU2NzRmZjUtOGUxYS00ZjdjLWEwZWItY2NlM2JhNjkxNTFmXkEyXkFqcGdeQXVyNjU0OTQ0OTY@._V1_QL75_UX140_CR0,0,140,207_.jpg",1991,2h 17m,R,8.6
31, Back to the Future,https://www.imdb.com/title/tt0088763/?ref_=chttp_t_31,"https://m.media-amazon.com/images/M/MV5BZmU0M2Y1OGUtZjIxNi00ZjBkLTg1MjgtOWIyNThiZWIwYjRiXkEyXkFqcGdeQXVyMTQxNzMzNDI@._V1_QL75_UX140_CR0,5,140,207_.jpg",1985,1h 56m,PG,8.5
32, Spirited Away,https://www.imdb.com/title/tt0245429/?ref_=chttp_t_32,"https://m.media-amazon.com/images/M/MV5BMjlmZmI5MDctNDE2YS00YWE0LWE5ZWItZDBhYWQ0NTcxNWRhXkEyXkFqcGdeQXVyMTMxODk2OTU@._V1_QL75_UX140_CR0,0,140,207_.jpg",2001,2h 5m,PG,8.6
33, The Pianist,https://www.imdb.com/title/tt0253474/?ref_=chttp_t_33,"https://m.media-amazon.com/images/M/MV5BOWRiZDIxZjktMTA1NC00MDQ2LWEzMjUtMTliZmY3NjQ3ODJiXkEyXkFqcGdeQXVyNjU0OTQ0OTY@._V1_QL75_UY207_CR5,0,140,207_.jpg",2002,2h 30m,R,8.5
34, Psycho,https://www.imdb.com/title/tt0054215/?ref_=chttp_t_34,"https://m.media-amazon.com/images/M/MV5BNTQwNDM1YzItNDAxZC00NWY2LTk0M2UtNDIwNWI5OGUyNWUxXkEyXkFqcGdeQXVyNzkwMjQ5NzM@._V1_QL75_UX140_CR0,0,140,207_.jpg",1960,1h 49m,R,8.5
35, Parasite,https://www.imdb.com/title/tt6751668/?ref_=chttp_t_35,"https://m.media-amazon.com/images/M/MV5BYWZjMjk3ZTItODQ2ZC00NTY5LWE0ZDYtZTI3MjcwN2Q5NTVkXkEyXkFqcGdeQXVyODk4OTc3MTY@._V1_QL75_UX140_CR0,0,140,207_.jpg",2019,2h 12m,R,8.5
36, Gladiator,https://www.imdb.com/title/tt0172495/?ref_=chttp_t_36,"https://m.media-amazon.com/images/M/MV5BMDliMmNhNDEtODUyOS00MjNlLTgxODEtN2U3NzIxMGVkZTA1L2ltYWdlXkEyXkFqcGdeQXVyNjU0OTQ0OTY@._V1_QL75_UX140_CR0,0,140,207_.jpg",2000,2h 35m,R,8.5
37, The Lion King,https://www.imdb.com/title/tt0110357/?ref_=chttp_t_37,"https://m.media-amazon.com/images/M/MV5BYTYxNGMyZTYtMjE3MS00MzNjLWFjNmYtMDk3N2FmM2JiM2M1XkEyXkFqcGdeQXVyNjY5NDU4NzI@._V1_QL75_UX140_CR0,0,140,207_.jpg",1994,1h 28m,G,8.5
38, Léon: The Professional,https://www.imdb.com/title/tt0110413/?ref_=chttp_t_38,"https://m.media-amazon.com/images/M/MV5BOTgyMWQ0ZWUtN2Q2MS00NmY0LWI3OWMtNjFkMzZlNDZjNTk0XkEyXkFqcGdeQXVyMjUzOTY1NTc@._V1_QL75_UX140_CR0,1,140,207_.jpg",1994,1h 50m,R,8.5
39, Oppenheimer,https://www.imdb.com/title/tt15398776/?ref_=chttp_t_39,"https://m.media-amazon.com/images/M/MV5BMDBmYTZjNjUtN2M1MS00MTQ2LTk2ODgtNzc2M2QyZGE5NTVjXkEyXkFqcGdeQXVyNzAwMjU2MTY@._V1_QL75_UX140_CR0,0,140,207_.jpg",2023,3h,R,8.6
40, American History X,https://www.imdb.com/title/tt0120586/?ref_=chttp_t_40,"https://m.media-amazon.com/images/M/MV5BZTJhN2FkYWEtMGI0My00YWM4LWI2MjAtM2UwNjY4MTI2ZTQyXkEyXkFqcGdeQXVyNjc3MjQzNTI@._V1_QL75_UX140_CR0,0,140,207_.jpg",1998,1h 59m,R,8.5
41, The Departed,https://www.imdb.com/title/tt0407887/?ref_=chttp_t_41,"https://m.media-amazon.com/images/M/MV5BMTI1MTY2OTIxNV5BMl5BanBnXkFtZTYwNjQ4NjY3._V1_QL75_UY207_CR0,0,140,207_.jpg",2006,2h 31m,R,8.5
42, Whiplash,https://www.imdb.com/title/tt2582802/?ref_=chttp_t_42,"https://m.media-amazon.com/images/M/MV5BOTA5NDZlZGUtMjAxOS00YTRkLTkwYmMtYWQ0NWEwZDZiNjEzXkEyXkFqcGdeQXVyMTMxODk2OTU@._V1_QL75_UX140_CR0,0,140,207_.jpg",2014,1h 46m,R,8.5
43, The Prestige,https://www.imdb.com/title/tt0482571/?ref_=chttp_t_43,"https://m.media-amazon.com/images/M/MV5BMjA4NDI0MTIxNF5BMl5BanBnXkFtZTYwNTM0MzY2._V1_QL75_UX140_CR0,0,140,207_.jpg",2006,2h 10m,PG-13,8.5
44, The Usual Suspects,https://www.imdb.com/title/tt0114814/?ref_=chttp_t_44,"https://m.media-amazon.com/images/M/MV5BYTViNjMyNmUtNDFkNC00ZDRlLThmMDUtZDU2YWE4NGI2ZjVmXkEyXkFqcGdeQXVyNjU0OTQ0OTY@._V1_QL75_UX140_CR0,1,140,207_.jpg",1995,1h 46m,R,8.5
45, Grave of the Fireflies,https://www.imdb.com/title/tt0095327/?ref_=chttp_t_45,"https://m.media-amazon.com/images/M/MV5BZmY2NjUzNDQtNTgxNC00M2Q4LTljOWQtMjNjNDBjNWUxNmJlXkEyXkFqcGdeQXVyNTA4NzY1MzY@._V1_QL75_UX140_CR0,1,140,207_.jpg",1988,1h 29m,Not Rated,8.5
46, Casablanca,https://www.imdb.com/title/tt0034583/?ref_=chttp_t_46,"https://m.media-amazon.com/images/M/MV5BY2IzZGY2YmEtYzljNS00NTM5LTgwMzUtMzM1NjQ4NGI0OTk0XkEyXkFqcGdeQXVyNDYyMDk5MTU@._V1_QL75_UX140_CR0,2,140,207_.jpg",1942,1h 42m,PG,8.5
47, Harakiri,https://www.imdb.com/title/tt0056058/?ref_=chttp_t_47,"https://m.media-amazon.com/images/M/MV5BYjBmYTQ1NjItZWU5MS00YjI0LTg2OTYtYmFkN2JkMmNiNWVkXkEyXkFqcGdeQXVyMTMxMTY0OTQ@._V1_QL75_UY207_CR6,0,140,207_.jpg",1962,2h 13m,Not Rated,8.6
48, The Intouchables,https://www.imdb.com/title/tt1675434/?ref_=chttp_t_48,"https://m.media-amazon.com/images/M/MV5BMTYxNDA3MDQwNl5BMl5BanBnXkFtZTcwNTU4Mzc1Nw@@._V1_QL75_UX140_CR0,0,140,207_.jpg",2011,1h 52m,R,8.5
49, Modern Times,https://www.imdb.com/title/tt0027977/?ref_=chttp_t_49,"https://m.media-amazon.com/images/M/MV5BYjJiZjMzYzktNjU0NS00OTkxLWEwYzItYzdhYWJjN2QzMTRlL2ltYWdlL2ltYWdlXkEyXkFqcGdeQXVyNjU0OTQ0OTY@._V1_QL75_UX140_CR0,5,140,207_.jpg",1936,1h 27m,G,8.5
50, Cinema Paradiso,https://www.imdb.com/title/tt0095765/?ref_=chttp_t_50,"https://m.media-amazon.com/images/M/MV5BM2FhYjEyYmYtMDI1Yy00YTdlLWI2NWQtYmEzNzAxOGY1NjY2XkEyXkFqcGdeQXVyNTA3NTIyNDg@._V1_QL75_UX140_CR0,0,140,207_.jpg",1988,2h 35m,PG,8.5
51, Once Upon a Time in the West,https://www.imdb.com/title/tt0064116/?ref_=chttp_t_51,"https://m.media-amazon.com/images/M/MV5BODQ3NDExOGYtMzI3Mi00NWRlLTkwNjAtNjc4MDgzZGJiZTA1XkEyXkFqcGdeQXVyMjUzOTY1NTc@._V1_QL75_UX140_CR0,1,140,207_.jpg",1968,2h 45m,PG-13,8.5
52, Rear Window,https://www.imdb.com/title/tt0047396/?ref_=chttp_t_52,"https://m.media-amazon.com/images/M/MV5BNGUxYWM3M2MtMGM3Mi00ZmRiLWE0NGQtZjE5ODI2OTJhNTU0XkEyXkFqcGdeQXVyMTQxNzMzNDI@._V1_QL75_UY207_CR1,0,140,207_.jpg",1954,1h 52m,PG,8.5
53, Alien,https://www.imdb.com/title/tt0078748/?ref_=chttp_t_53,"https://m.media-amazon.com/images/M/MV5BOGQzZTBjMjQtOTVmMS00NGE5LWEyYmMtOGQ1ZGZjNmRkYjFhXkEyXkFqcGdeQXVyMjUzOTY1NTc@._V1_QL75_UX140_CR0,2,140,207_.jpg",1979,1h 57m,R,8.5
54, City Lights,https://www.imdb.com/title/tt0021749/?ref_=chttp_t_54,"https://m.media-amazon.com/images/M/MV5BY2I4MmM1N2EtM2YzOS00OWUzLTkzYzctNDc5NDg2N2IyODJmXkEyXkFqcGdeQXVyNzkwMjQ5NzM@._V1_QL75_UX140_CR0,1,140,207_.jpg",1931,1h 27m,G,8.5
55, Apocalypse Now,https://www.imdb.com/title/tt0078788/?ref_=chttp_t_55,"https://m.media-amazon.com/images/M/MV5BYmQyNTA1ZGItNjZjMi00NzFlLWEzMWEtNWMwN2Q2MjJhYzEyXkEyXkFqcGdeQXVyMjUzOTY1NTc@._V1_QL75_UX140_CR0,4,140,207_.jpg",1979,2h 27m,R,8.4
56, Memento,https://www.imdb.com/title/tt0209144/?ref_=chttp_t_56,"https://m.media-amazon.com/images/M/MV5BZTcyNjk1MjgtOWI3Mi00YzQwLWI5MTktMzY4ZmI2NDAyNzYzXkEyXkFqcGdeQXVyNjU0OTQ0OTY@._V1_QL75_UY207_CR1,0,140,207_.jpg",2000,1h 53m,R,8.4
57, Django Unchained,https://www.imdb.com/title/tt1853728/?ref_=chttp_t_57,"https://m.media-amazon.com/images/M/MV5BMjIyNTQ5NjQ1OV5BMl5BanBnXkFtZTcwODg1MDU4OA@@._V1_QL75_UX140_CR0,0,140,207_.jpg",2012,2h 45m,R,8.5
58, Indiana Jones and the Raiders of the Lost Ark,https://www.imdb.com/title/tt0082971/?ref_=chttp_t_58,"https://m.media-amazon.com/images/M/MV5BNTU2ODkyY2MtMjU1NC00NjE1LWEzYjgtMWQ3MzRhMTE0NDc0XkEyXkFqcGdeQXVyMjM4MzQ4OTQ@._V1_QL75_UY207_CR1,0,140,207_.jpg",1981,1h 55m,PG,8.4
59, WALL·E,https://www.imdb.com/title/tt0910970/?ref_=chttp_t_59,"https://m.media-amazon.com/images/M/MV5BMjExMTg5OTU0NF5BMl5BanBnXkFtZTcwMjMxMzMzMw@@._V1_QL75_UX140_CR0,0,140,207_.jpg",2008,1h 38m,G,8.4
60, The Lives of Others,https://www.imdb.com/title/tt0405094/?ref_=chttp_t_60,"https://m.media-amazon.com/images/M/MV5BNmQyNmJjM2ItNTQzYi00ZjMxLWFjMDYtZjUyN2YwZDk5YWQ2XkEyXkFqcGdeQXVyMjUzOTY1NTc@._V1_QL75_UX140_CR0,1,140,207_.jpg",2006,2h 17m,R,8.4
61, Sunset Blvd,https://www.imdb.com/title/tt0043014/?ref_=chttp_t_61,"https://m.media-amazon.com/images/M/MV5BMTU0NTkyNzYwMF5BMl5BanBnXkFtZTgwMDU0NDk5MTI@._V1_QL75_UX140_CR0,2,140,207_.jpg",1950,1h 50m,Passed,8.4
62, Paths of Glory,https://www.imdb.com/title/tt0050825/?ref_=chttp_t_62,"https://m.media-amazon.com/images/M/MV5BOTI5Nzc0OTMtYzBkMS00NjkxLThmM2UtNjM2ODgxN2M5NjNkXkEyXkFqcGdeQXVyNjQ2MjQ5NzM@._V1_QL75_UX140_CR0,3,140,207_.jpg",1957,1h 28m,Approved,8.4
63, Avengers: Infinity War,https://www.imdb.com/title/tt4154756/?ref_=chttp_t_63,"https://m.media-amazon.com/images/M/MV5BMjMxNjY2MDU1OV5BMl5BanBnXkFtZTgwNzY1MTUwNTM@._V1_QL75_UX140_CR0,0,140,207_.jpg",2018,2h 29m,PG-13,8.4
64, The Shining,https://www.imdb.com/title/tt0081505/?ref_=chttp_t_64,"https://m.media-amazon.com/images/M/MV5BZWFlYmY2MGEtZjVkYS00YzU4LTg0YjQtYzY1ZGE3NTA5NGQxXkEyXkFqcGdeQXVyMTQxNzMzNDI@._V1_QL75_UX140_CR0,3,140,207_.jpg",1980,2h 26m,R,8.4
65, The Great Dictator,https://www.imdb.com/title/tt0032553/?ref_=chttp_t_65,"https://m.media-amazon.com/images/M/MV5BMmExYWJjNTktNGUyZS00ODhmLTkxYzAtNWIzOGEyMGNiMmUwXkEyXkFqcGdeQXVyNjU0OTQ0OTY@._V1_QL75_UY207_CR0,0,140,207_.jpg",1940,2h 5m,G,8.4
66, Witness for the Prosecution,https://www.imdb.com/title/tt0051201/?ref_=chttp_t_66,"https://m.media-amazon.com/images/M/MV5BNDQwODU5OWYtNDcyNi00MDQ1LThiOGMtZDkwNWJiM2Y3MDg0XkEyXkFqcGdeQXVyMDI2NDg0NQ@@._V1_QL75_UX140_CR0,3,140,207_.jpg",1957,1h 56m,Approved,8.4
67, Spider-Man: Into the Spider-Verse,https://www.imdb.com/title/tt4633694/?ref_=chttp_t_67,"https://m.media-amazon.com/images/M/MV5BMjMwNDkxMTgzOF5BMl5BanBnXkFtZTgwNTkwNTQ3NjM@._V1_QL75_UX140_CR0,0,140,207_.jpg",2018,1h 57m,PG,8.4
68, Aliens,https://www.imdb.com/title/tt0090605/?ref_=chttp_t_68,"https://m.media-amazon.com/images/M/MV5BOGJkY2EyOWYtYWRmNy00ZTEzLTllMDAtYzYzYjA0ZjFhZWJjXkEyXkFqcGdeQXVyMTUzMDUzNTI3._V1_QL75_UX140_CR0,2,140,207_.jpg",1986,2h 17m,R,8.4
69, American Beauty,https://www.imdb.com/title/tt0169547/?ref_=chttp_t_69,"https://m.media-amazon.com/images/M/MV5BNTBmZWJkNjctNDhiNC00MGE2LWEwOTctZTk5OGVhMWMyNmVhXkEyXkFqcGdeQXVyMTMxODk2OTU@._V1_QL75_UX140_CR0,0,140,207_.jpg",1999,2h 2m,R,8.3
70, The Dark Knight Rises,https://www.imdb.com/title/tt1345836/?ref_=chttp_t_70,"https://m.media-amazon.com/images/M/MV5BMTk4ODQzNDY3Ml5BMl5BanBnXkFtZTcwODA0NTM4Nw@@._V1_QL75_UX140_CR0,0,140,207_.jpg",2012,2h 44m,PG-13,8.4
71, Inglourious Basterds,https://www.imdb.com/title/tt0361748/?ref_=chttp_t_71,"https://m.media-amazon.com/images/M/MV5BOTJiNDEzOWYtMTVjOC00ZjlmLWE0NGMtZmE1OWVmZDQ2OWJhXkEyXkFqcGdeQXVyNTIzOTk5ODM@._V1_QL75_UX140_CR0,0,140,207_.jpg",2009,2h 33m,R,8.3
72, Dr Strangelove or: How I Learned to Stop Worrying and Love the Bomb,https://www.imdb.com/title/tt0057012/?ref_=chttp_t_72,"https://m.media-amazon.com/images/M/MV5BMWMxYjZkOWUtM2FjMi00MmI1LThkNzQtNTM5Y2E2ZGQ2NGFhXkEyXkFqcGdeQXVyMTA0MTM5NjI2._V1_QL75_UX140_CR0,1,140,207_.jpg",1964,1h 35m,PG,8.4
73, Oldboy,https://www.imdb.com/title/tt0364569/?ref_=chttp_t_73,"https://m.media-amazon.com/images/M/MV5BMTI3NTQyMzU5M15BMl5BanBnXkFtZTcwMTM2MjgyMQ@@._V1_QL75_UX140_CR0,0,140,207_.jpg",2003,2h,R,8.4
74, Coco,https://www.imdb.com/title/tt2380307/?ref_=chttp_t_74,"https://m.media-amazon.com/images/M/MV5BYjQ5NjM0Y2YtNjZkNC00ZDhkLWJjMWItN2QyNzFkMDE3ZjAxXkEyXkFqcGdeQXVyODIxMzk5NjA@._V1_QL75_UY207_CR3,0,140,207_.jpg",2017,1h 45m,PG,8.4
75, Amadeus,https://www.imdb.com/title/tt0086879/?ref_=chttp_t_75,"https://m.media-amazon.com/images/M/MV5BNWJlNzUzNGMtYTAwMS00ZjI2LWFmNWQtODcxNWUxODA5YmU1XkEyXkFqcGdeQXVyNTIzOTk5ODM@._V1_QL75_UX140_CR0,5,140,207_.jpg",1984,2h 40m,PG,8.4
76, Toy Story,https://www.imdb.com/title/tt0114709/?ref_=chttp_t_76,"https://m.media-amazon.com/images/M/MV5BMDU2ZWJlMjktMTRhMy00ZTA5LWEzNDgtYmNmZTEwZTViZWJkXkEyXkFqcGdeQXVyNDQ2OTk4MzI@._V1_QL75_UX140_CR0,1,140,207_.jpg",1995,1h 21m,G,8.3
77, Das Boot,https://www.imdb.com/title/tt0082096/?ref_=chttp_t_77,"https://m.media-amazon.com/images/M/MV5BNDBjMWUxNTUtNjZiNi00YzJhLTgzNzUtMTRiY2FkZmMzYTNjXkEyXkFqcGdeQXVyMTUzMDUzNTI3._V1_QL75_UX140_CR0,2,140,207_.jpg",1981,2h 29m,,8.4
78, Braveheart,https://www.imdb.com/title/tt0112573/?ref_=chttp_t_78,"https://m.media-amazon.com/images/M/MV5BMzkzMmU0YTYtOWM3My00YzBmLWI0YzctOGYyNTkwMWE5MTJkXkEyXkFqcGdeQXVyNzkwMjQ5NzM@._V1_QL75_UY207_CR0,0,140,207_.jpg",1995,2h 58m,R,8.3
79, Joker,https://www.imdb.com/title/tt7286456/?ref_=chttp_t_79,"https://m.media-amazon.com/images/M/MV5BNGVjNWI4ZGUtNzE0MS00YTJmLWE0ZDctN2ZiYTk2YmI3NTYyXkEyXkFqcGdeQXVyMTkxNjUyNQ@@._V1_QL75_UX140_CR0,0,140,207_.jpg",2019,2h 2m,R,8.4
80, Avengers: Endgame,https://www.imdb.com/title/tt4154796/?ref_=chttp_t_80,"https://m.media-amazon.com/images/M/MV5BMTc5MDE2ODcwNV5BMl5BanBnXkFtZTgwMzI2NzQ2NzM@._V1_QL75_UX140_CR0,0,140,207_.jpg",2019,3h 1m,PG-13,8.4
81, Princess Mononoke,https://www.imdb.com/title/tt0119698/?ref_=chttp_t_81,"https://m.media-amazon.com/images/M/MV5BNTZkYmI0MmEtNGFlZC00OWZjLWFjMmItMjk1OWZkOWJiZGVjXkEyXkFqcGdeQXVyMTMxODk2OTU@._V1_QL75_UX140_CR0,1,140,207_.jpg",1997,2h 14m,PG-13,8.3
82, Good Will Hunting,https://www.imdb.com/title/tt0119217/?ref_=chttp_t_82,"https://m.media-amazon.com/images/M/MV5BOTI0MzcxMTYtZDVkMy00NjY1LTgyMTYtZmUxN2M3NmQ2NWJhXkEyXkFqcGdeQXVyMTQxNzMzNDI@._V1_QL75_UX140_CR0,3,140,207_.jpg",1997,2h 6m,R,8.3
83, Once Upon a Time in America,https://www.imdb.com/title/tt0087843/?ref_=chttp_t_83,"https://m.media-amazon.com/images/M/MV5BMmQzZjdmZDAtOGE2Yy00MmUwLTljYzgtZTMwMjk3ZDdiOWUyXkEyXkFqcGdeQXVyNjc5NjEzNA@@._V1_QL75_UX140_CR0,1,140,207_.jpg",1984,3h 49m,R,8.3
84, Your Name,https://www.imdb.com/title/tt5311514/?ref_=chttp_t_84,"https://m.media-amazon.com/images/M/MV5BODRmZDVmNzUtZDA4ZC00NjhkLWI2M2UtN2M0ZDIzNDcxYThjL2ltYWdlXkEyXkFqcGdeQXVyNTk0MzMzODA@._V1_QL75_UX140_CR0,0,140,207_.jpg",2016,1h 46m,TV-PG,8.4
85, 3 Idiots,https://www.imdb.com/title/tt1187043/?ref_=chttp_t_85,"https://m.media-amazon.com/images/M/MV5BNTkyOGVjMGEtNmQzZi00NzFlLTlhOWQtODYyMDc2ZGJmYzFhXkEyXkFqcGdeQXVyNjU0OTQ0OTY@._V1_QL75_UY207_CR2,0,140,207_.jpg",2009,2h 50m,PG-13,8.4
86, High and Low,https://www.imdb.com/title/tt0057565/?ref_=chttp_t_86,"https://m.media-amazon.com/images/M/MV5BOTI4NTNhZDMtMWNkZi00MTRmLWJmZDQtMmJkMGVmZTEzODlhXkEyXkFqcGdeQXVyNjc1NTYyMjg@._V1_QL75_UX140_CR0,1,140,207_.jpg",1963,2h 23m,Not Rated,8.4
87, Singin' in the Rain,https://www.imdb.com/title/tt0045152/?ref_=chttp_t_87,"https://m.media-amazon.com/images/M/MV5BZDRjNGViMjQtOThlMi00MTA3LThkYzQtNzJkYjBkMGE0YzE1XkEyXkFqcGdeQXVyNDYyMDk5MTU@._V1_QL75_UY207_CR1,0,140,207_.jpg",1952,1h 43m,G,8.3
88, Requiem for a Dream,https://www.imdb.com/title/tt0180093/?ref_=chttp_t_88,"https://m.media-amazon.com/images/M/MV5BOTdiNzJlOWUtNWMwNS00NmFlLWI0YTEtZmI3YjIzZWUyY2Y3XkEyXkFqcGdeQXVyNjU0OTQ0OTY@._V1_QL75_UX140_CR0,1,140,207_.jpg",2000,1h 42m,Unrated,8.3
89, Capernaum,https://www.imdb.com/title/tt8267604/?ref_=chttp_t_89,"https://m.media-amazon.com/images/M/MV5BMmExNzU2ZWMtYzUwYi00YmM2LTkxZTQtNmVhNjY0NTMyMWI2XkEyXkFqcGdeQXVyMTMxODk2OTU@._V1_QL75_UY207_CR1,0,140,207_.jpg",2018,2h 6m,R,8.4
90, Toy Story 3,https://www.imdb.com/title/tt0435761/?ref_=chttp_t_90,"https://m.media-amazon.com/images/M/MV5BMTgxOTY4Mjc0MF5BMl5BanBnXkFtZTcwNTA4MDQyMw@@._V1_QL75_UY207_CR3,0,140,207_.jpg",2010,1h 43m,G,8.3
91, Come and See,https://www.imdb.com/title/tt0091251/?ref_=chttp_t_91,"https://m.media-amazon.com/images/M/MV5BODM4Njg0NTAtYjI5Ny00ZjAxLTkwNmItZTMxMWU5M2U3M2RjXkEyXkFqcGdeQXVyNzkwMjQ5NzM@._V1_QL75_UX140_CR0,4,140,207_.jpg",1985,2h 22m,Not Rated,8.4
92, Star Wars: Episode VI - Return of the Jedi,https://www.imdb.com/title/tt0086190/?ref_=chttp_t_92,"https://m.media-amazon.com/images/M/MV5BOWZlMjFiYzgtMTUzNC00Y2IzLTk1NTMtZmNhMTczNTk0ODk1XkEyXkFqcGdeQXVyNTAyODkwOQ@@._V1_QL75_UX140_CR0,5,140,207_.jpg",1983,2h 11m,PG,8.3
93, Eternal Sunshine of the Spotless Mind,https://www.imdb.com/title/tt0338013/?ref_=chttp_t_93,"https://m.media-amazon.com/images/M/MV5BMTY4NzcwODg3Nl5BMl5BanBnXkFtZTcwNTEwOTMyMw@@._V1_QL75_UX140_CR0,0,140,207_.jpg",2004,1h 48m,R,8.3
94, 2001: A Space Odyssey,https://www.imdb.com/title/tt0062622/?ref_=chttp_t_94,"https://m.media-amazon.com/images/M/MV5BMmNlYzRiNDctZWNhMi00MzI4LThkZTctMTUzMmZkMmFmNThmXkEyXkFqcGdeQXVyNzkwMjQ5NzM@._V1_QL75_UX140_CR0,0,140,207_.jpg",1968,2h 29m,G,8.3
95, The Hunt,https://www.imdb.com/title/tt2106476/?ref_=chttp_t_95,"https://m.media-amazon.com/images/M/MV5BMTg2NDg3ODg4NF5BMl5BanBnXkFtZTcwNzk3NTc3Nw@@._V1_QL75_UY207_CR3,0,140,207_.jpg",2012,1h 55m,R,8.3
96, Reservoir Dogs,https://www.imdb.com/title/tt0105236/?ref_=chttp_t_96,"https://m.media-amazon.com/images/M/MV5BZmExNmEwYWItYmQzOS00YjA5LTk2MjktZjEyZDE1Y2QxNjA1XkEyXkFqcGdeQXVyMTQxNzMzNDI@._V1_QL75_UX140_CR0,1,140,207_.jpg",1992,1h 39m,R,8.3
97, Ikiru,https://www.imdb.com/title/tt0044741/?ref_=chttp_t_97,"https://m.media-amazon.com/images/M/MV5BYWM1YmZkNTctZDAwNy00ZTY4LWFjMTktYzU4ZjViMmU1OTJmXkEyXkFqcGdeQXVyMTA0MTM5NjI2._V1_QL75_UX140_CR0,1,140,207_.jpg",1952,2h 23m,Not Rated,8.3
98, Lawrence of Arabia,https://www.imdb.com/title/tt0056172/?ref_=chttp_t_98,"https://m.media-amazon.com/images/M/MV5BYWY5ZjhjNGYtZmI2Ny00ODM0LWFkNzgtZmI1YzA2N2MxMzA0XkEyXkFqcGdeQXVyNjUwNzk3NDc@._V1_QL75_UY207_CR2,0,140,207_.jpg",1962,3h 38m,Approved,8.3
99, Citizen Kane,https://www.imdb.com/title/tt0033467/?ref_=chttp_t_99,"https://m.media-amazon.com/images/M/MV5BYjBiOTYxZWItMzdiZi00NjlkLWIzZTYtYmFhZjhiMTljOTdkXkEyXkFqcGdeQXVyNzkwMjQ5NzM@._V1_QL75_UX140_CR0,1,140,207_.jpg",1941,1h 59m,PG,8.3
100, M,https://www.imdb.com/title/tt0022100/?ref_=chttp_t_100,"https://m.media-amazon.com/images/M/MV5BODA4ODk3OTEzMF5BMl5BanBnXkFtZTgwMTQ2ODMwMzE@._V1_QL75_UX140_CR0,1,140,207_.jpg",1931,1h 39m,Passed,8.3
101, North by Northwest,https://www.imdb.com/title/tt0053125/?ref_=chttp_t_101,"https://m.media-amazon.com/images/M/MV5BZDA3NDExMTUtMDlhOC00MmQ5LWExZGUtYmI1NGVlZWI4OWNiXkEyXkFqcGdeQXVyNjc1NTYyMjg@._V1_QL75_UX140_CR0,2,140,207_.jpg",1959,2h 16m,Approved,8.3
102, The Apartment,https://www.imdb.com/title/tt0053604/?ref_=chttp_t_102,"https://m.media-amazon.com/images/M/MV5BNzkwODFjNzItMmMwNi00MTU5LWE2MzktM2M4ZDczZGM1MmViXkEyXkFqcGdeQXVyNDY2MTk1ODk@._V1_QL75_UX140_CR0,7,140,207_.jpg",1960,2h 5m,Approved,8.3
103, Vertigo,https://www.imdb.com/title/tt0052357/?ref_=chttp_t_103,"https://m.media-amazon.com/images/M/MV5BYTE4ODEwZDUtNDFjOC00NjAxLWEzYTQtYTI1NGVmZmFlNjdiL2ltYWdlL2ltYWdlXkEyXkFqcGdeQXVyNjc1NTYyMjg@._V1_QL75_UX140_CR0,5,140,207_.jpg",1958,2h 8m,PG,8.3
104, Double Indemnity,https://www.imdb.com/title/tt0036775/?ref_=chttp_t_104,"https://m.media-amazon.com/images/M/MV5BOTdlNjgyZGUtOTczYi00MDdhLTljZmMtYTEwZmRiOWFkYjRhXkEyXkFqcGdeQXVyNDY2MTk1ODk@._V1_QL75_UX140_CR0,2,140,207_.jpg",1944,1h 47m,Passed,8.3
105, Amélie,https://www.imdb.com/title/tt0211915/?ref_=chttp_t_105,"https://m.media-amazon.com/images/M/MV5BNDg4NjM1YjMtYmNhZC00MjM0LWFiZmYtNGY1YjA3MzZmODc5XkEyXkFqcGdeQXVyNDk3NzU2MTQ@._V1_QL75_UX140_CR0,1,140,207_.jpg",2001,2h 2m,R,8.3
106, Scarface,https://www.imdb.com/title/tt0086250/?ref_=chttp_t_106,"https://m.media-amazon.com/images/M/MV5BNjdjNGQ4NDEtNTEwYS00MTgxLTliYzQtYzE2ZDRiZjFhZmNlXkEyXkFqcGdeQXVyNjU0OTQ0OTY@._V1_QL75_UX140_CR0,1,140,207_.jpg",1983,2h 50m,18+,8.3
107, Full Metal Jacket,https://www.imdb.com/title/tt0093058/?ref_=chttp_t_107,"https://m.media-amazon.com/images/M/MV5BNzkxODk0NjEtYjc4Mi00ZDI0LTgyYjEtYzc1NDkxY2YzYTgyXkEyXkFqcGdeQXVyNzkwMjQ5NzM@._V1_QL75_UX140_CR0,1,140,207_.jpg",1987,1h 56m,R,8.3
108, A Clockwork Orange,https://www.imdb.com/title/tt0066921/?ref_=chttp_t_108,"https://m.media-amazon.com/images/M/MV5BMTY3MjM1Mzc4N15BMl5BanBnXkFtZTgwODM0NzAxMDE@._V1_QL75_UX140_CR0,0,140,207_.jpg",1971,2h 16m,X,8.3
109, Incendies,https://www.imdb.com/title/tt1255953/?ref_=chttp_t_109,"https://m.media-amazon.com/images/M/MV5BMWE3MGYzZjktY2Q5Mi00Y2NiLWIyYWUtMmIyNzA3YmZlMGFhXkEyXkFqcGdeQXVyMTMxODk2OTU@._V1_QL75_UX140_CR0,1,140,207_.jpg",2010,2h 11m,R,8.3
110, Hamilton,https://www.imdb.com/title/tt8503618/?ref_=chttp_t_110,"https://m.media-amazon.com/images/M/MV5BNjViNWRjYWEtZTI0NC00N2E3LTk0NGQtMjY4NTM3OGNkZjY0XkEyXkFqcGdeQXVyMjUxMTY3ODM@._V1_QL75_UX140_CR0,0,140,207_.jpg",2020,2h 40m,PG-13,8.3
111, Heat,https://www.imdb.com/title/tt0113277/?ref_=chttp_t_111,"https://m.media-amazon.com/images/M/MV5BYjZjNTJlZGUtZTE1Ny00ZDc4LTgwYjUtMzk0NDgwYzZjYTk1XkEyXkFqcGdeQXVyNjU0OTQ0OTY@._V1_QL75_UY207_CR2,0,140,207_.jpg",1995,2h 50m,R,8.3
112, Up,https://www.imdb.com/title/tt1049413/?ref_=chttp_t_112,"https://m.media-amazon.com/images/M/MV5BYjBkM2RjMzItM2M3Ni00N2NjLWE3NzMtMGY4MzE4MDAzMTRiXkEyXkFqcGdeQXVyNDUzOTQ5MjY@._V1_QL75_UX140_CR0,0,140,207_.jpg",2009,1h 36m,PG,8.3
113, To Kill a Mockingbird,https://www.imdb.com/title/tt0056592/?ref_=chttp_t_113,"https://m.media-amazon.com/images/M/MV5BNmVmYzcwNzMtMWM1NS00MWIyLThlMDEtYzUwZDgzODE1NmE2XkEyXkFqcGdeQXVyNzkwMjQ5NzM@._V1_QL75_UX140_CR0,3,140,207_.jpg",1962,2h 9m,Approved,8.3
114, The Sting,https://www.imdb.com/title/tt0070735/?ref_=chttp_t_114,"https://m.media-amazon.com/images/M/MV5BNGU3NjQ4YTMtZGJjOS00YTQ3LThmNmItMTI5MDE2ODI3NzY3XkEyXkFqcGdeQXVyMjUzOTY1NTc@._V1_QL75_UX140_CR0,3,140,207_.jpg",1973,2h 9m,PG,8.3
115, A Separation,https://www.imdb.com/title/tt1832382/?ref_=chttp_t_115,"https://m.media-amazon.com/images/M/MV5BN2JmMjViMjMtZTM5Mi00ZGZkLTk5YzctZDg5MjFjZDE4NjNkXkEyXkFqcGdeQXVyMTMxODk2OTU@._V1_QL75_UX140_CR0,0,140,207_.jpg",2011,2h 3m,PG-13,8.3
116, Indiana Jones and the Last Crusade,https://www.imdb.com/title/tt0097576/?ref_=chttp_t_116,"https://m.media-amazon.com/images/M/MV5BY2Q0ODg4ZmItNDZiYi00ZWY5LTg2NzctNmYwZjA5OThmNzE1XkEyXkFqcGdeQXVyMjM4MzQ4OTQ@._V1_QL75_UX140_CR0,0,140,207_.jpg",1989,2h 7m,PG-13,8.2
117, Metropolis,https://www.imdb.com/title/tt0017136/?ref_=chttp_t_117,"https://m.media-amazon.com/images/M/MV5BMTg5YWIyMWUtZDY5My00Zjc1LTljOTctYmI0MWRmY2M2NmRkXkEyXkFqcGdeQXVyMTMxODk2OTU@._V1_QL75_UY207_CR0,0,140,207_.jpg",1927,2h 33m,Not Rated,8.3
118, Die Hard,https://www.imdb.com/title/tt0095016/?ref_=chttp_t_118,"https://m.media-amazon.com/images/M/MV5BZjRlNDUxZjAtOGQ4OC00OTNlLTgxNmQtYTBmMDgwZmNmNjkxXkEyXkFqcGdeQXVyNzkwMjQ5NzM@._V1_QL75_UX140_CR0,1,140,207_.jpg",1988,2h 12m,R,8.2
119,L.A. Confidential,https://www.imdb.com/title/tt0119488/?ref_=chttp_t_119,"https://m.media-amazon.com/images/M/MV5BMDQ2YzEyZGItYWRhOS00MjBmLTkzMDUtMTdjYzkyMmQxZTJlXkEyXkFqcGdeQXVyNjU0OTQ0OTY@._V1_QL75_UY207_CR1,0,140,207_.jpg",1997,2h 18m,R,8.2
120, Bicycle Thieves,https://www.imdb.com/title/tt0040522/?ref_=chttp_t_120,"https://m.media-amazon.com/images/M/MV5BNmI1ODdjODctMDlmMC00ZWViLWI5MzYtYzRhNDdjYmM3MzFjXkEyXkFqcGdeQXVyMTMxODk2OTU@._V1_QL75_UY207_CR2,0,140,207_.jpg",1948,1h 29m,Not Rated,8.3
121, Snatch,https://www.imdb.com/title/tt0208092/?ref_=chttp_t_121,"https://m.media-amazon.com/images/M/MV5BMTA2NDYxOGYtYjU1Mi00Y2QzLTgxMTQtMWI1MGI0ZGQ5MmU4XkEyXkFqcGdeQXVyNDk3NzU2MTQ@._V1_QL75_UY207_CR1,0,140,207_.jpg",2000,1h 42m,R,8.2
122, Like Stars on Earth,https://www.imdb.com/title/tt0986264/?ref_=chttp_t_122,"https://m.media-amazon.com/images/M/MV5BMDhjZWViN2MtNzgxOS00NmI4LThiZDQtZDI3MzM4MDE4NTc0XkEyXkFqcGdeQXVyMTMxODk2OTU@._V1_QL75_UY207_CR3,0,140,207_.jpg",2007,2h 45m,PG,8.3
123, Taxi Driver,https://www.imdb.com/title/tt0075314/?ref_=chttp_t_123,"https://m.media-amazon.com/images/M/MV5BM2M1MmVhNDgtNmI0YS00ZDNmLTkyNjctNTJiYTQ2N2NmYzc2XkEyXkFqcGdeQXVyNzkwMjQ5NzM@._V1_QL75_UX140_CR0,3,140,207_.jpg",1976,1h 54m,R,8.2
124,1917,https://www.imdb.com/title/tt8579674/?ref_=chttp_t_124,"https://m.media-amazon.com/images/M/MV5BOTdmNTFjNDEtNzg0My00ZjkxLTg1ZDAtZTdkMDc2ZmFiNWQ1XkEyXkFqcGdeQXVyNTAzNzgwNTg@._V1_QL75_UX140_CR0,7,140,207_.jpg",2019,1h 59m,R,8.2
125, Downfall,https://www.imdb.com/title/tt0363163/?ref_=chttp_t_125,"https://m.media-amazon.com/images/M/MV5BMTU0NTU5NTAyMl5BMl5BanBnXkFtZTYwNzYwMDg2._V1_QL75_UY207_CR1,0,140,207_.jpg",2004,2h 36m,R,8.2
126, Dangal,https://www.imdb.com/title/tt5074352/?ref_=chttp_t_126,"https://m.media-amazon.com/images/M/MV5BMTQ4MzQzMzM2Nl5BMl5BanBnXkFtZTgwMTQ1NzU3MDI@._V1_QL75_UY207_CR4,0,140,207_.jpg",2016,2h 41m,Not Rated,8.3
127, Top Gun: Maverick,https://www.imdb.com/title/tt1745960/?ref_=chttp_t_127,"https://m.media-amazon.com/images/M/MV5BZWYzOGEwNTgtNWU3NS00ZTQ0LWJkODUtMmVhMjIwMjA1ZmQwXkEyXkFqcGdeQXVyMjkwOTAyMDU@._V1_QL75_UX140_CR0,0,140,207_.jpg",2022,2h 10m,PG-13,8.3
128, For a Few Dollars More,https://www.imdb.com/title/tt0059578/?ref_=chttp_t_128,"https://m.media-amazon.com/images/M/MV5BMzJlZTNkYjQtMTE1OS00YTJlLTgxNjItYzg4NTllODdkMzBiXkEyXkFqcGdeQXVyMjUzOTY1NTc@._V1_QL75_UX140_CR0,3,140,207_.jpg",1965,2h 12m,R,8.2
129, Batman Begins,https://www.imdb.com/title/tt0372784/?ref_=chttp_t_129,"https://m.media-amazon.com/images/M/MV5BOTY4YjI2N2MtYmFlMC00ZjcyLTg3YjEtMDQyM2ZjYzQ5YWFkXkEyXkFqcGdeQXVyMTQxNzMzNDI@._V1_QL75_UY207_CR0,0,140,207_.jpg",2005,2h 20m,PG-13,8.2
130, Some Like It Hot,https://www.imdb.com/title/tt0053291/?ref_=chttp_t_130,"https://m.media-amazon.com/images/M/MV5BNzAyOGIxYjAtMGY2NC00ZTgyLWIwMWEtYzY0OWQ4NDFjOTc5XkEyXkFqcGdeQXVyNjU0OTQ0OTY@._V1_QL75_UX140_CR0,5,140,207_.jpg",1959,2h 1m,Passed,8.2
131, The Kid,https://www.imdb.com/title/tt0012349/?ref_=chttp_t_131,"https://m.media-amazon.com/images/M/MV5BZjhhMThhNDItNTY2MC00MmU1LTliNDEtNDdhZjdlNTY5ZDQ1XkEyXkFqcGdeQXVyNjc1NTYyMjg@._V1_QL75_UX140_CR0,2,140,207_.jpg",1921,1h 8m,Passed,8.2
132, The Wolf of Wall Street,https://www.imdb.com/title/tt0993846/?ref_=chttp_t_132,"https://m.media-amazon.com/images/M/MV5BMjIxMjgxNTk0MF5BMl5BanBnXkFtZTgwNjIyOTg2MDE@._V1_QL75_UX140_CR0,0,140,207_.jpg",2013,3h,R,8.2
133, The Father,https://www.imdb.com/title/tt10272386/?ref_=chttp_t_133,"https://m.media-amazon.com/images/M/MV5BZGJhNWRiOWQtMjI4OS00ZjcxLTgwMTAtMzQ2ODkxY2JkOTVlXkEyXkFqcGdeQXVyMTkxNjUyNQ@@._V1_QL75_UX140_CR0,0,140,207_.jpg",2020,1h 37m,PG-13,8.2
134, Green Book,https://www.imdb.com/title/tt6966692/?ref_=chttp_t_134,"https://m.media-amazon.com/images/M/MV5BYzIzYmJlYTYtNGNiYy00N2EwLTk4ZjItMGYyZTJiOTVkM2RlXkEyXkFqcGdeQXVyODY1NDk1NjE@._V1_QL75_UX140_CR0,1,140,207_.jpg",2018,2h 10m,PG-13,8.2
135, All About Eve,https://www.imdb.com/title/tt0042192/?ref_=chttp_t_135,"https://m.media-amazon.com/images/M/MV5BYmE1M2Y3NTYtYTI0Mi00N2JlLTkzMzItOTY1MTlhNWNkMDgzXkEyXkFqcGdeQXVyMTUzMDUzNTI3._V1_QL75_UX140_CR0,2,140,207_.jpg",1950,2h 18m,Passed,8.2
136, Judgment at Nuremberg,https://www.imdb.com/title/tt0055031/?ref_=chttp_t_136,"https://m.media-amazon.com/images/M/MV5BNDc2ODQ5NTE2MV5BMl5BanBnXkFtZTcwODExMjUyNA@@._V1_QL75_UX140_CR0,1,140,207_.jpg",1961,2h 59m,Approved,8.3
137, The Truman Show,https://www.imdb.com/title/tt0120382/?ref_=chttp_t_137,"https://m.media-amazon.com/images/M/MV5BMDIzODcyY2EtMmY2MC00ZWVlLTgwMzAtMjQwOWUyNmJjNTYyXkEyXkFqcGdeQXVyNDk3NzU2MTQ@._V1_QL75_UX140_CR0,0,140,207_.jpg",1998,1h 43m,PG,8.2
138, There Will Be Blood,https://www.imdb.com/title/tt0469494/?ref_=chttp_t_138,"https://m.media-amazon.com/images/M/MV5BMjAxODQ4MDU5NV5BMl5BanBnXkFtZTcwMDU4MjU1MQ@@._V1_QL75_UX140_CR0,0,140,207_.jpg",2007,2h 38m,R,8.2
139, Ran,https://www.imdb.com/title/tt0089881/?ref_=chttp_t_139,"https://m.media-amazon.com/images/M/MV5BMmU1NGYwZWYtOWExNi00ZTEyLTgwMmUtM2ZlMDVjNWM4YjVlXkEyXkFqcGdeQXVyMjUzOTY1NTc@._V1_QL75_UX140_CR0,3,140,207_.jpg",1985,2h 42m,R,8.2
140, Casino,https://www.imdb.com/title/tt0112641/?ref_=chttp_t_140,"https://m.media-amazon.com/images/M/MV5BMTcxOWYzNDYtYmM4YS00N2NkLTk0NTAtNjg1ODgwZjAxYzI3XkEyXkFqcGdeQXVyNTA4NzY1MzY@._V1_QL75_UX140_CR0,1,140,207_.jpg",1995,2h 58m,R,8.2
141, Shutter Island,https://www.imdb.com/title/tt1130884/?ref_=chttp_t_141,"https://m.media-amazon.com/images/M/MV5BYzhiNDkyNzktNTZmYS00ZTBkLTk2MDAtM2U0YjU1MzgxZjgzXkEyXkFqcGdeQXVyMTMxODk2OTU@._V1_QL75_UX140_CR0,0,140,207_.jpg",2010,2h 18m,R,8.2
142, Pan's Labyrinth,https://www.imdb.com/title/tt0457430/?ref_=chttp_t_142,"https://m.media-amazon.com/images/M/MV5BYzFjMThiMGItOWRlMC00MDI4LThmOGUtYTNlZGZiYWI1YjMyXkEyXkFqcGdeQXVyMjUzOTY1NTc@._V1_QL75_UX140_CR0,1,140,207_.jpg",2006,1h 58m,R,8.2
143, The Sixth Sense,https://www.imdb.com/title/tt0167404/?ref_=chttp_t_143,"https://m.media-amazon.com/images/M/MV5BMWM4NTFhYjctNzUyNi00NGMwLTk3NTYtMDIyNTZmMzRlYmQyXkEyXkFqcGdeQXVyMTAwMzUyOTc@._V1_QL75_UY207_CR0,0,140,207_.jpg",1999,1h 47m,PG-13,8.2
144, Unforgiven,https://www.imdb.com/title/tt0105695/?ref_=chttp_t_144,"https://m.media-amazon.com/images/M/MV5BODM3YWY4NmQtN2Y3Ni00OTg0LWFhZGQtZWE3ZWY4MTJlOWU4XkEyXkFqcGdeQXVyNjU0OTQ0OTY@._V1_QL75_UX140_CR0,1,140,207_.jpg",1992,2h 10m,R,8.2
145, Jurassic Park,https://www.imdb.com/title/tt0107290/?ref_=chttp_t_145,"https://m.media-amazon.com/images/M/MV5BMjM2MDgxMDg0Nl5BMl5BanBnXkFtZTgwNTM2OTM5NDE@._V1_QL75_UX140_CR0,1,140,207_.jpg",1993,2h 7m,PG-13,8.2
146, A Beautiful Mind,https://www.imdb.com/title/tt0268978/?ref_=chttp_t_146,"https://m.media-amazon.com/images/M/MV5BMzcwYWFkYzktZjAzNC00OGY1LWI4YTgtNzc5MzVjMDVmNjY0XkEyXkFqcGdeQXVyMTQxNzMzNDI@._V1_QL75_UX140_CR0,0,140,207_.jpg",2001,2h 15m,PG-13,8.2
147, The Treasure of the Sierra Madre,https://www.imdb.com/title/tt0040897/?ref_=chttp_t_147,"https://m.media-amazon.com/images/M/MV5BOTJlZWMxYzEtMjlkMS00ODE0LThlM2ItMDI3NGQ2YjhmMzkxXkEyXkFqcGdeQXVyMDI2NDg0NQ@@._V1_QL75_UX140_CR0,2,140,207_.jpg",1947,2h 6m,Passed,8.2
148, Yojimbo,https://www.imdb.com/title/tt0055630/?ref_=chttp_t_148,"https://m.media-amazon.com/images/M/MV5BZThiZjAzZjgtNDU3MC00YThhLThjYWUtZGRkYjc2ZWZlOTVjXkEyXkFqcGdeQXVyNTA4NzY1MzY@._V1_QL75_UX140_CR0,1,140,207_.jpg",1961,1h 50m,Not Rated,8.2
149, No Country for Old Men,https://www.imdb.com/title/tt0477348/?ref_=chttp_t_149,"https://m.media-amazon.com/images/M/MV5BMjA5Njk3MjM4OV5BMl5BanBnXkFtZTcwMTc5MTE1MQ@@._V1_QL75_UY207_CR1,0,140,207_.jpg",2007,2h 2m,R,8.2
150, Monty Python and the Holy Grail,https://www.imdb.com/title/tt0071853/?ref_=chttp_t_150,"https://m.media-amazon.com/images/M/MV5BN2IyNTE4YzUtZWU0Mi00MGIwLTgyMmQtMzQ4YzQxYWNlYWE2XkEyXkFqcGdeQXVyNjU0OTQ0OTY@._V1_QL75_UX140_CR0,1,140,207_.jpg",1975,1h 31m,PG,8.2
151, Kill Bill: Vol. 1,https://www.imdb.com/title/tt0266697/?ref_=chttp_t_151,"https://m.media-amazon.com/images/M/MV5BNzM3NDFhYTAtYmU5Mi00NGRmLTljYjgtMDkyODQ4MjNkMGY2XkEyXkFqcGdeQXVyNzkwMjQ5NzM@._V1_QL75_UX140_CR0,1,140,207_.jpg",2003,1h 51m,R,8.2
152, The Great Escape,https://www.imdb.com/title/tt0057115/?ref_=chttp_t_152,"https://m.media-amazon.com/images/M/MV5BNzA2NmYxMWUtNzBlMC00MWM2LTkwNmQtYTFlZjQwODNhOWE0XkEyXkFqcGdeQXVyNTIzOTk5ODM@._V1_QL75_UX140_CR0,6,140,207_.jpg",1963,2h 52m,Approved,8.2
153, The Thing,https://www.imdb.com/title/tt0084787/?ref_=chttp_t_153,"https://m.media-amazon.com/images/M/MV5BNGViZWZmM2EtNGYzZi00ZDAyLTk3ODMtNzIyZTBjN2Y1NmM1XkEyXkFqcGdeQXVyNTAyODkwOQ@@._V1_QL75_UX140_CR0,1,140,207_.jpg",1982,1h 49m,16+,8.2
154, Rashomon,https://www.imdb.com/title/tt0042876/?ref_=chttp_t_154,"https://m.media-amazon.com/images/M/MV5BMjEzMzA4NDE2OF5BMl5BanBnXkFtZTcwNTc5MDI2NQ@@._V1_QL75_UX140_CR0,0,140,207_.jpg",1950,1h 28m,Not Rated,8.2
155, Finding Nemo,https://www.imdb.com/title/tt0266543/?ref_=chttp_t_155,"https://m.media-amazon.com/images/M/MV5BZjMxYzBiNjUtZDliNC00MDAyLTg3N2QtOWNjNmNhZGQzNDg5XkEyXkFqcGdeQXVyNjE2MjQwNjc@._V1_QL75_UY207_CR1,0,140,207_.jpg",2003,1h 40m,G,8.2
156, The Elephant Man,https://www.imdb.com/title/tt0080678/?ref_=chttp_t_156,"https://m.media-amazon.com/images/M/MV5BMDVjNjIwOGItNDE3Ny00OThjLWE0NzQtZTU3YjMzZTZjMzhkXkEyXkFqcGdeQXVyMTQxNzMzNDI@._V1_QL75_UX140_CR0,1,140,207_.jpg",1980,2h 4m,PG,8.2
157, Chinatown,https://www.imdb.com/title/tt0071315/?ref_=chttp_t_157,"https://m.media-amazon.com/images/M/MV5BMjJkMDZhYzItZTFhMi00ZGI4LThlNTAtZDNlYmEwNjFkNDYzXkEyXkFqcGdeQXVyMjUzOTY1NTc@._V1_QL75_UX140_CR0,2,140,207_.jpg",1974,2h 10m,R,8.2
158, Spider-Man: No Way Home,https://www.imdb.com/title/tt10872600/?ref_=chttp_t_158,"https://m.media-amazon.com/images/M/MV5BZWMyYzFjYTYtNTRjYi00OGExLWE2YzgtOGRmYjAxZTU3NzBiXkEyXkFqcGdeQXVyMzQ0MzA0NTM@._V1_QL75_UX140_CR0,0,140,207_.jpg",2021,2h 28m,PG-13,8.2
159, Gone with the Wind,https://www.imdb.com/title/tt0031381/?ref_=chttp_t_159,"https://m.media-amazon.com/images/M/MV5BYjUyZWZkM2UtMzYxYy00ZmQ3LWFmZTQtOGE2YjBkNjA3YWZlXkEyXkFqcGdeQXVyNzkwMjQ5NzM@._V1_QL75_UX140_CR0,3,140,207_.jpg",1939,3h 58m,Passed,8.2
160, V for Vendetta,https://www.imdb.com/title/tt0434409/?ref_=chttp_t_160,"https://m.media-amazon.com/images/M/MV5BOTI5ODc3NzExNV5BMl5BanBnXkFtZTcwNzYxNzQzMw@@._V1_QL75_UX140_CR0,0,140,207_.jpg",2005,2h 12m,R,8.2
161, Dial M for Murder,https://www.imdb.com/title/tt0046912/?ref_=chttp_t_161,"https://m.media-amazon.com/images/M/MV5BOWIwODIxYWItZDI4MS00YzhhLWE3MmYtMzlhZDIwOTMzZmE5L2ltYWdlXkEyXkFqcGdeQXVyNjc1NTYyMjg@._V1_QL75_UX140_CR0,1,140,207_.jpg",1954,1h 45m,PG,8.2
162, Howl's Moving Castle,https://www.imdb.com/title/tt0347149/?ref_=chttp_t_162,"https://m.media-amazon.com/images/M/MV5BNmM4YTFmMmItMGE3Yy00MmRkLTlmZGEtMzZlOTQzYjk3MzA2XkEyXkFqcGdeQXVyMTMxODk2OTU@._V1_QL75_UX140_CR0,1,140,207_.jpg",2004,1h 59m,PG,8.2
163, Raging Bull,https://www.imdb.com/title/tt0081398/?ref_=chttp_t_163,"https://m.media-amazon.com/images/M/MV5BYjRmODkzNDItMTNhNi00YjJlLTg0ZjAtODlhZTM0YzgzYThlXkEyXkFqcGdeQXVyNzQ1ODk3MTQ@._V1_QL75_UY207_CR1,0,140,207_.jpg",1980,2h 9m,R,8.1
164," Lock, Stock and Two Smoking Barrels",https://www.imdb.com/title/tt0120735/?ref_=chttp_t_164,"https://m.media-amazon.com/images/M/MV5BMTAyN2JmZmEtNjAyMy00NzYwLThmY2MtYWQ3OGNhNjExMmM4XkEyXkFqcGdeQXVyNDk3NzU2MTQ@._V1_QL75_UX140_CR0,1,140,207_.jpg",1998,1h 47m,R,8.1
165, The Secret in Their Eyes,https://www.imdb.com/title/tt1305806/?ref_=chttp_t_165,"https://m.media-amazon.com/images/M/MV5BMTgwNTI3OTczOV5BMl5BanBnXkFtZTcwMTM3MTUyMw@@._V1_QL75_UY207_CR0,0,140,207_.jpg",2009,2h 9m,R,8.2
166, Inside Out,https://www.imdb.com/title/tt2096673/?ref_=chttp_t_166,"https://m.media-amazon.com/images/M/MV5BOTgxMDQwMDk0OF5BMl5BanBnXkFtZTgwNjU5OTg2NDE@._V1_QL75_UX140_CR0,0,140,207_.jpg",2015,1h 35m,PG,8.1
167, Prisoners,https://www.imdb.com/title/tt1392214/?ref_=chttp_t_167,"https://m.media-amazon.com/images/M/MV5BMTg0NTIzMjQ1NV5BMl5BanBnXkFtZTcwNDc3MzM5OQ@@._V1_QL75_UY207_CR0,0,140,207_.jpg",2013,2h 33m,R,8.1
168," Three Billboards Outside Ebbing, Missouri",https://www.imdb.com/title/tt5027774/?ref_=chttp_t_168,"https://m.media-amazon.com/images/M/MV5BMjI0ODcxNzM1N15BMl5BanBnXkFtZTgwMzIwMTEwNDI@._V1_QL75_UX140_CR0,0,140,207_.jpg",2017,1h 55m,R,8.1
169, The Bridge on the River Kwai,https://www.imdb.com/title/tt0050212/?ref_=chttp_t_169,"https://m.media-amazon.com/images/M/MV5BOGY5NmNlMmQtYzRlYy00NGQ5LWFkYjYtNzExZmQyMTg0ZDA0XkEyXkFqcGdeQXVyNDIzMzcwNjc@._V1_QL75_UX140_CR0,5,140,207_.jpg",1957,2h 41m,PG,8.1
170, Trainspotting,https://www.imdb.com/title/tt0117951/?ref_=chttp_t_170,"https://m.media-amazon.com/images/M/MV5BMzA5Zjc3ZTMtMmU5YS00YTMwLWI4MWUtYTU0YTVmNjVmODZhXkEyXkFqcGdeQXVyNjU0OTQ0OTY@._V1_QL75_UX140_CR0,0,140,207_.jpg",1996,1h 33m,R,8.1
171, Fargo,https://www.imdb.com/title/tt0116282/?ref_=chttp_t_171,"https://m.media-amazon.com/images/M/MV5BNDJiZDgyZjctYmRjMS00ZjdkLTkwMTEtNGU1NDg3NDQ0Yzk1XkEyXkFqcGdeQXVyNzkwMjQ5NzM@._V1_QL75_UY207_CR0,0,140,207_.jpg",1996,1h 38m,R,8.1
172, Warrior,https://www.imdb.com/title/tt1291584/?ref_=chttp_t_172,"https://m.media-amazon.com/images/M/MV5BMTk4ODk5MTMyNV5BMl5BanBnXkFtZTcwMDMyNTg0Ng@@._V1_QL75_UX140_CR0,4,140,207_.jpg",2011,2h 20m,PG-13,8.1
173, Gran Torino,https://www.imdb.com/title/tt1205489/?ref_=chttp_t_173,"https://m.media-amazon.com/images/M/MV5BMTc5NTk2OTU1Nl5BMl5BanBnXkFtZTcwMDc3NjAwMg@@._V1_QL75_UY207_CR0,0,140,207_.jpg",2008,1h 56m,R,8.1
174, Catch Me If You Can,https://www.imdb.com/title/tt0264464/?ref_=chttp_t_174,"https://m.media-amazon.com/images/M/MV5BMTY5MzYzNjc5NV5BMl5BanBnXkFtZTYwNTUyNTc2._V1_QL75_UX140_CR0,0,140,207_.jpg",2002,2h 21m,PG-13,8.1
175, My Neighbor Totoro,https://www.imdb.com/title/tt0096283/?ref_=chttp_t_175,"https://m.media-amazon.com/images/M/MV5BYzJjMTYyMjQtZDI0My00ZjE2LTkyNGYtOTllNGQxNDMyZjE0XkEyXkFqcGdeQXVyMTMxODk2OTU@._V1_QL75_UY207_CR4,0,140,207_.jpg",1988,1h 26m,G,8.1
176, Million Dollar Baby,https://www.imdb.com/title/tt0405159/?ref_=chttp_t_176,"https://m.media-amazon.com/images/M/MV5BMTkxNzA1NDQxOV5BMl5BanBnXkFtZTcwNTkyMTIzMw@@._V1_QL75_UY207_CR0,0,140,207_.jpg",2004,2h 12m,PG-13,8.1
177, Klaus,https://www.imdb.com/title/tt4729430/?ref_=chttp_t_177,"https://m.media-amazon.com/images/M/MV5BMWYwOThjM2ItZGYxNy00NTQwLWFlZWEtM2MzM2Q5MmY3NDU5XkEyXkFqcGdeQXVyMTkxNjUyNQ@@._V1_QL75_UX140_CR0,0,140,207_.jpg",2019,1h 36m,PG,8.2
178, Harry Potter and the Deathly Hallows: Part 2,https://www.imdb.com/title/tt1201607/?ref_=chttp_t_178,"https://m.media-amazon.com/images/M/MV5BMGVmMWNiMDktYjQ0Mi00MWIxLTk0N2UtN2ZlYTdkN2IzNDNlXkEyXkFqcGdeQXVyODE5NzE3OTE@._V1_QL75_UX140_CR0,1,140,207_.jpg",2011,2h 10m,PG-13,8.1
179, Children of Heaven,https://www.imdb.com/title/tt0118849/?ref_=chttp_t_179,"https://m.media-amazon.com/images/M/MV5BZTYwZWQ4ZTQtZWU0MS00N2YwLWEzMDItZWFkZWY0MWVjODVhXkEyXkFqcGdeQXVyNjU0OTQ0OTY@._V1_QL75_UX140_CR0,4,140,207_.jpg",1997,1h 29m,PG,8.2
180, Blade Runner,https://www.imdb.com/title/tt0083658/?ref_=chttp_t_180,"https://m.media-amazon.com/images/M/MV5BNzQzMzJhZTEtOWM4NS00MTdhLTg0YjgtMjM4MDRkZjUwZDBlXkEyXkFqcGdeQXVyNjU0OTQ0OTY@._V1_QL75_UX140_CR0,0,140,207_.jpg",1982,1h 57m,R,8.1
181, 12 Years a Slave,https://www.imdb.com/title/tt2024544/?ref_=chttp_t_181,"https://m.media-amazon.com/images/M/MV5BMjExMTEzODkyN15BMl5BanBnXkFtZTcwNTU4NTc4OQ@@._V1_QL75_UX140_CR0,0,140,207_.jpg",2013,2h 14m,R,8.1
182, Before Sunrise,https://www.imdb.com/title/tt0112471/?ref_=chttp_t_182,"https://m.media-amazon.com/images/M/MV5BZDdiZTAwYzAtMDI3Ni00OTRjLTkzN2UtMGE3MDMyZmU4NTU4XkEyXkFqcGdeQXVyNjU0OTQ0OTY@._V1_QL75_UX140_CR0,0,140,207_.jpg",1995,1h 41m,R,8.1
183, The Gold Rush,https://www.imdb.com/title/tt0015864/?ref_=chttp_t_183,"https://m.media-amazon.com/images/M/MV5BZjEyOTE4MzMtNmMzMy00Mzc3LWJlOTQtOGJiNDE0ZmJiOTU4L2ltYWdlXkEyXkFqcGdeQXVyNTAyODkwOQ@@._V1_QL75_UY207_CR6,0,140,207_.jpg",1925,1h 35m,Passed,8.1
184, The Grand Budapest Hotel,https://www.imdb.com/title/tt2278388/?ref_=chttp_t_184,"https://m.media-amazon.com/images/M/MV5BMzM5NjUxOTEyMl5BMl5BanBnXkFtZTgwNjEyMDM0MDE@._V1_QL75_UX140_CR0,0,140,207_.jpg",2014,1h 39m,R,8.1
185, Ben-Hur,https://www.imdb.com/title/tt0052618/?ref_=chttp_t_185,"https://m.media-amazon.com/images/M/MV5BNjgxY2JiZDYtZmMwOC00ZmJjLWJmODUtMTNmNWNmYWI5ODkwL2ltYWdlL2ltYWdlXkEyXkFqcGdeQXVyNjc1NTYyMjg@._V1_QL75_UX140_CR0,2,140,207_.jpg",1959,3h 32m,G,8.1
186, Gone Girl,https://www.imdb.com/title/tt2267998/?ref_=chttp_t_186,"https://m.media-amazon.com/images/M/MV5BMTk0MDQ3MzAzOV5BMl5BanBnXkFtZTgwNzU1NzE3MjE@._V1_QL75_UY207_CR0,0,140,207_.jpg",2014,2h 29m,R,8.1
187, On the Waterfront,https://www.imdb.com/title/tt0047296/?ref_=chttp_t_187,"https://m.media-amazon.com/images/M/MV5BY2I0MWFiZDMtNWQyYy00Njk5LTk3MDktZjZjNTNmZmVkYjkxXkEyXkFqcGdeQXVyNjc1NTYyMjg@._V1_QL75_UX140_CR0,2,140,207_.jpg",1954,1h 48m,Approved,8.1
188, Barry Lyndon,https://www.imdb.com/title/tt0072684/?ref_=chttp_t_188,"https://m.media-amazon.com/images/M/MV5BNmY0MWY2NDctZDdmMi00MjA1LTk0ZTQtZDMyZTQ1NTNlYzVjXkEyXkFqcGdeQXVyMjUzOTY1NTc@._V1_QL75_UX140_CR0,3,140,207_.jpg",1975,3h 5m,PG,8.1
189, Hacksaw Ridge,https://www.imdb.com/title/tt2119532/?ref_=chttp_t_189,"https://m.media-amazon.com/images/M/MV5BMjQ1NjM3MTUxNV5BMl5BanBnXkFtZTgwMDc5MTY5OTE@._V1_QL75_UX140_CR0,4,140,207_.jpg",2016,2h 19m,R,8.1
190, In the Name of the Father,https://www.imdb.com/title/tt0107207/?ref_=chttp_t_190,"https://m.media-amazon.com/images/M/MV5BMmYyOTgwYWItYmU3Ny00M2E2LTk0NWMtMDVlNmQ0MWZiMTMxXkEyXkFqcGdeQXVyNzkwMjQ5NzM@._V1_QL75_UX140_CR0,1,140,207_.jpg",1993,2h 13m,R,8.1
191, The General,https://www.imdb.com/title/tt0017925/?ref_=chttp_t_191,"https://m.media-amazon.com/images/M/MV5BYmRiMDFlYjYtOTMwYy00OGY2LWE0Y2QtYzQxOGNhZmUwNTIxXkEyXkFqcGdeQXVyNzkwMjQ5NzM@._V1_QL75_UX140_CR0,0,140,207_.jpg",1926,1h 18m,Passed,8.1
192, The Deer Hunter,https://www.imdb.com/title/tt0077416/?ref_=chttp_t_192,"https://m.media-amazon.com/images/M/MV5BNDhmNTA0ZDMtYjhkNS00NzEzLWIzYTItOGNkMTVmYjE2YmI3XkEyXkFqcGdeQXVyNzkwMjQ5NzM@._V1_QL75_UY207_CR0,0,140,207_.jpg",1978,3h 3m,R,8.1
193, Memories of Murder,https://www.imdb.com/title/tt0353969/?ref_=chttp_t_193,"https://m.media-amazon.com/images/M/MV5BOGViNTg4YTktYTQ2Ni00MTU0LTk2NWUtMTI4OTc1YTM0NzQ2XkEyXkFqcGdeQXVyMDM2NDM2MQ@@._V1_QL75_UX140_CR0,0,140,207_.jpg",2003,2h 12m,Not Rated,8.1
194, Wild Strawberries,https://www.imdb.com/title/tt0050986/?ref_=chttp_t_194,"https://m.media-amazon.com/images/M/MV5BYWQxYzdhMDMtNjAyZC00NzE0LWFjYmQtYjk0YzMyYjA5NzZkXkEyXkFqcGdeQXVyMjUzOTY1NTc@._V1_QL75_UX140_CR0,3,140,207_.jpg",1957,1h 31m,Not Rated,8.1
195, The Wages of Fear,https://www.imdb.com/title/tt0046268/?ref_=chttp_t_195,"https://m.media-amazon.com/images/M/MV5BZDdkNzMwZmUtY2Q5MS00ZmM2LWJhYjItYTBjMWY0MGM4MDRjXkEyXkFqcGdeQXVyNTA4NzY1MzY@._V1_QL75_UY207_CR1,0,140,207_.jpg",1953,2h 11m,Not Rated,8.2
196, The Third Man,https://www.imdb.com/title/tt0041959/?ref_=chttp_t_196,"https://m.media-amazon.com/images/M/MV5BYjE2OTdhMWUtOGJlMy00ZDViLWIzZjgtYjZkZGZmMDZjYmEyXkEyXkFqcGdeQXVyNzkwMjQ5NzM@._V1_QL75_UX140_CR0,1,140,207_.jpg",1949,1h 33m,Approved,8.1
197, Wild Tales,https://www.imdb.com/title/tt3011894/?ref_=chttp_t_197,"https://m.media-amazon.com/images/M/MV5BNGQzY2Y0MTgtMDA4OC00NjM3LWI0ZGQtNTJlM2UxZDQxZjI0XkEyXkFqcGdeQXVyNDUzOTQ5MjY@._V1_QL75_UY207_CR4,0,140,207_.jpg",2014,2h 2m,R,8.1
198, Sherlock Jr,https://www.imdb.com/title/tt0015324/?ref_=chttp_t_198,"https://m.media-amazon.com/images/M/MV5BZWFhOGU5NDctY2Q3YS00Y2VlLWI1NzEtZmIwY2ZiZjY4OTA2XkEyXkFqcGdeQXVyMDI2NDg0NQ@@._V1_QL75_UX140_CR0,7,140,207_.jpg",1924,45m,Passed,8.2
199, Mad Max: Fury Road,https://www.imdb.com/title/tt1392190/?ref_=chttp_t_199,"https://m.media-amazon.com/images/M/MV5BN2EwM2I5OWMtMGQyMi00Zjg1LWJkNTctZTdjYTA4OGUwZjMyXkEyXkFqcGdeQXVyMTMxODk2OTU@._V1_QL75_UX140_CR0,0,140,207_.jpg",2015,2h,R,8.1
200, Dead Poets Society,https://www.imdb.com/title/tt0097165/?ref_=chttp_t_200,"https://m.media-amazon.com/images/M/MV5BOGYwYWNjMzgtNGU4ZC00NWQ2LWEwZjUtMzE1Zjc3NjY3YTU1XkEyXkFqcGdeQXVyMTQxNzMzNDI@._V1_QL75_UY207_CR0,0,140,207_.jpg",1989,2h 8m,PG,8.1
201, Mr.  Smith Goes to Washington,https://www.imdb.com/title/tt0031679/?ref_=chttp_t_201,"https://m.media-amazon.com/images/M/MV5BZTYwYjYxYzgtMDE1Ni00NzU4LWJlMTEtODQ5YmJmMGJhZjI5L2ltYWdlXkEyXkFqcGdeQXVyMDI2NDg0NQ@@._V1_QL75_UX140_CR0,2,140,207_.jpg",1939,2h 9m,Passed,8.1
202," Monsters, Inc",https://www.imdb.com/title/tt0198781/?ref_=chttp_t_202,"https://m.media-amazon.com/images/M/MV5BMTY1NTI0ODUyOF5BMl5BanBnXkFtZTgwNTEyNjQ0MDE@._V1_QL75_UX140_CR0,0,140,207_.jpg",2001,1h 32m,G,8.1
203, How to Train Your Dragon,https://www.imdb.com/title/tt0892769/?ref_=chttp_t_203,"https://m.media-amazon.com/images/M/MV5BMjA5NDQyMjc2NF5BMl5BanBnXkFtZTcwMjg5ODcyMw@@._V1_QL75_UX140_CR0,0,140,207_.jpg",2010,1h 38m,PG,8.1
204, Jaws,https://www.imdb.com/title/tt0073195/?ref_=chttp_t_204,"https://m.media-amazon.com/images/M/MV5BMmVmODY1MzEtYTMwZC00MzNhLWFkNDMtZjAwM2EwODUxZTA5XkEyXkFqcGdeQXVyNTAyODkwOQ@@._V1_QL75_UX140_CR0,4,140,207_.jpg",1975,2h 4m,PG,8.1
205, Mary and Max,https://www.imdb.com/title/tt0978762/?ref_=chttp_t_205,"https://m.media-amazon.com/images/M/MV5BMDgzYjQwMDMtNGUzYi00MTRmLWIyMGMtNjE1OGZkNzY2YWIzL2ltYWdlXkEyXkFqcGdeQXVyNjU0OTQ0OTY@._V1_QL75_UY207_CR3,0,140,207_.jpg",2009,1h 32m,Not Rated,8.1
206, The Seventh Seal,https://www.imdb.com/title/tt0050976/?ref_=chttp_t_206,"https://m.media-amazon.com/images/M/MV5BOWM3MmE0OGYtOGVlNC00OWE1LTk5ZTAtYmUwMDIwM2ZlNWJiXkEyXkFqcGdeQXVyMjUzOTY1NTc@._V1_QL75_UY207_CR1,0,140,207_.jpg",1957,1h 36m,Not Rated,8.1
207, Room,https://www.imdb.com/title/tt3170832/?ref_=chttp_t_207,"https://m.media-amazon.com/images/M/MV5BMjE4NzgzNzEwMl5BMl5BanBnXkFtZTgwMTMzMDE0NjE@._V1_QL75_UX140_CR0,0,140,207_.jpg",2015,1h 58m,R,8.1
208, The Big Lebowski,https://www.imdb.com/title/tt0118715/?ref_=chttp_t_208,"https://m.media-amazon.com/images/M/MV5BMzliZDk0NjctNjhlOC00MWEyLWI3OWYtNjA5ZDYxMTMzNTc5XkEyXkFqcGdeQXVyNTAyODkwOQ@@._V1_QL75_UY207_CR0,0,140,207_.jpg",1998,1h 57m,R,8.1
209, Ford v Ferrari,https://www.imdb.com/title/tt1950186/?ref_=chttp_t_209,"https://m.media-amazon.com/images/M/MV5BM2UwMDVmMDItM2I2Yi00NGZmLTk4ZTUtY2JjNTQ3OGQ5ZjM2XkEyXkFqcGdeQXVyMTA1OTYzOTUx._V1_QL75_UY207_CR0,0,140,207_.jpg",2019,2h 32m,PG-13,8.1
210, Tokyo Story,https://www.imdb.com/title/tt0046438/?ref_=chttp_t_210,"https://m.media-amazon.com/images/M/MV5BYWQ4ZTRiODktNjAzZC00Nzg1LTk1YWQtNDFmNDI0NmZiNGIwXkEyXkFqcGdeQXVyNzkwMjQ5NzM@._V1_QL75_UY207_CR2,0,140,207_.jpg",1953,2h 16m,Not Rated,8.1
211, Ratatouille,https://www.imdb.com/title/tt0382932/?ref_=chttp_t_211,"https://m.media-amazon.com/images/M/MV5BMTMzODU0NTkxMF5BMl5BanBnXkFtZTcwMjQ4MzMzMw@@._V1_QL75_UX140_CR0,0,140,207_.jpg",2007,1h 51m,G,8.1
212, Rocky,https://www.imdb.com/title/tt0075148/?ref_=chttp_t_212,"https://m.media-amazon.com/images/M/MV5BNTBkMjg2MjYtYTZjOS00ODQ0LTg0MDEtM2FiNmJmOGU1NGEwXkEyXkFqcGdeQXVyMjUzOTY1NTc@._V1_QL75_UX140_CR0,3,140,207_.jpg",1976,2h,PG,8.1
213, Hotel Rwanda,https://www.imdb.com/title/tt0395169/?ref_=chttp_t_213,"https://m.media-amazon.com/images/M/MV5BZGJjYmIzZmQtNWE4Yy00ZGVmLWJkZGEtMzUzNmQ4ZWFlMjRhXkEyXkFqcGdeQXVyMTMxODk2OTU@._V1_QL75_UY207_CR0,0,140,207_.jpg",2004,2h 1m,PG-13,8.1
214, The Passion of Joan of Arc,https://www.imdb.com/title/tt0019254/?ref_=chttp_t_214,"https://m.media-amazon.com/images/M/MV5BNjBjNDJiYTUtOWY0OS00OGVmLTg2YzctMTE0NzVhODM1ZWJmXkEyXkFqcGdeQXVyNjU0OTQ0OTY@._V1_QL75_UX140_CR0,6,140,207_.jpg",1928,1h 54m,Passed,8.1
215, Logan,https://www.imdb.com/title/tt3315342/?ref_=chttp_t_215,"https://m.media-amazon.com/images/M/MV5BYzc5MTU4N2EtYTkyMi00NjdhLTg3NWEtMTY4OTEyMzJhZTAzXkEyXkFqcGdeQXVyNjc1NTYyMjg@._V1_QL75_UX140_CR0,1,140,207_.jpg",2017,2h 17m,R,8.1
216, Platoon,https://www.imdb.com/title/tt0091763/?ref_=chttp_t_216,"https://m.media-amazon.com/images/M/MV5BMzRjZjdlMjQtODVkYS00N2YzLWJlYWYtMGVlN2E5MWEwMWQzXkEyXkFqcGdeQXVyMTQxNzMzNDI@._V1_QL75_UX140_CR0,6,140,207_.jpg",1986,2h,R,8.1
217, Spotlight,https://www.imdb.com/title/tt1895587/?ref_=chttp_t_217,"https://m.media-amazon.com/images/M/MV5BMjIyOTM5OTIzNV5BMl5BanBnXkFtZTgwMDkzODE2NjE@._V1_QL75_UY207_CR0,0,140,207_.jpg",2015,2h 9m,R,8.1
218, The Terminator,https://www.imdb.com/title/tt0088247/?ref_=chttp_t_218,"https://m.media-amazon.com/images/M/MV5BYTViNzMxZjEtZGEwNy00MDNiLWIzNGQtZDY2MjQ1OWViZjFmXkEyXkFqcGdeQXVyNzkwMjQ5NzM@._V1_QL75_UX140_CR0,1,140,207_.jpg",1984,1h 47m,R,8.1
219, Jai Bhim,https://www.imdb.com/title/tt15097216/?ref_=chttp_t_219,"https://m.media-amazon.com/images/M/MV5BNzFkM2FhMzQtYjUwZi00N2Y3LWFkZWItMmZmMjQxNGQwZmNhXkEyXkFqcGdeQXVyODEyNjEwMDk@._V1_QL75_UY207_CR13,0,140,207_.jpg",2021,2h 44m,TV-MA,8.8
220, Before Sunset,https://www.imdb.com/title/tt0381681/?ref_=chttp_t_220,"https://m.media-amazon.com/images/M/MV5BMTQ1MjAwNTM5Ml5BMl5BanBnXkFtZTYwNDM0MTc3._V1_QL75_UY207_CR0,0,140,207_.jpg",2004,1h 20m,R,8.1
221, Rush,https://www.imdb.com/title/tt1979320/?ref_=chttp_t_221,"https://m.media-amazon.com/images/M/MV5BOWEwODJmZDItYTNmZC00OGM4LThlNDktOTQzZjIzMGQxODA4XkEyXkFqcGdeQXVyNjU0OTQ0OTY@._V1_QL75_UX140_CR0,0,140,207_.jpg",2013,2h 3m,R,8.1
222, Network,https://www.imdb.com/title/tt0074958/?ref_=chttp_t_222,"https://m.media-amazon.com/images/M/MV5BNzY0NjU5ODUtOTAzMC00NTU5LWJkZjctYWMyOWY2MTZmOWM1XkEyXkFqcGdeQXVyMTI3ODAyMzE2._V1_QL75_UX140_CR0,3,140,207_.jpg",1976,2h 1m,R,8.1
223, Stand by Me,https://www.imdb.com/title/tt0092005/?ref_=chttp_t_223,"https://m.media-amazon.com/images/M/MV5BODJmY2Y2OGQtMDg2My00N2Q3LWJmZTUtYTc2ODBjZDVlNDlhXkEyXkFqcGdeQXVyMTQxNzMzNDI@._V1_QL75_UX140_CR0,6,140,207_.jpg",1986,1h 29m,R,8.1
224, The Best Years of Our Lives,https://www.imdb.com/title/tt0036868/?ref_=chttp_t_224,"https://m.media-amazon.com/images/M/MV5BY2RmNTRjYzctODI4Ni00MzQyLWEyNTAtNjU0N2JkMTNhNjJkXkEyXkFqcGdeQXVyNjU0OTQ0OTY@._V1_QL75_UX140_CR0,1,140,207_.jpg",1946,2h 50m,Approved,8.1
225, La haine,https://www.imdb.com/title/tt0113247/?ref_=chttp_t_225,"https://m.media-amazon.com/images/M/MV5BOTQxOGU0OWUtMzExYy00ZjIxLWJmMzAtNTI1Y2YxYTMxN2RkXkEyXkFqcGdeQXVyMjUzOTY1NTc@._V1_QL75_UX140_CR0,0,140,207_.jpg",1995,1h 38m,Not Rated,8.1
226, The Wizard of Oz,https://www.imdb.com/title/tt0032138/?ref_=chttp_t_226,"https://m.media-amazon.com/images/M/MV5BNjUyMTc4MDExMV5BMl5BanBnXkFtZTgwNDg0NDIwMjE@._V1_QL75_UX140_CR0,1,140,207_.jpg",1939,1h 42m,G,8.1
227, Into the Wild,https://www.imdb.com/title/tt0758758/?ref_=chttp_t_227,"https://m.media-amazon.com/images/M/MV5BNjQ0ODlhMWUtNmUwMS00YjExLWI4MjQtNjVmMmE2Y2E0MGRmXkEyXkFqcGdeQXVyNDk3NzU2MTQ@._V1_QL75_UY207_CR0,0,140,207_.jpg",2007,2h 28m,R,8.1
228, The Exorcist,https://www.imdb.com/title/tt0070047/?ref_=chttp_t_228,"https://m.media-amazon.com/images/M/MV5BYWFlZGY2NDktY2ZjOS00ZWNkLTg0ZDAtZDY4MTM1ODU4ZjljXkEyXkFqcGdeQXVyMjUzOTY1NTc@._V1_QL75_UX140_CR0,3,140,207_.jpg",1973,2h 2m,R,8.1
229, Pirates of the Caribbean: The Curse of the Black Pearl,https://www.imdb.com/title/tt0325980/?ref_=chttp_t_229,"https://m.media-amazon.com/images/M/MV5BNGYyZGM5MGMtYTY2Ni00M2Y1LWIzNjQtYWUzM2VlNGVhMDNhXkEyXkFqcGdeQXVyMTMxODk2OTU@._V1_QL75_UX140_CR0,1,140,207_.jpg",2003,2h 23m,PG-13,8.1
230, The Incredibles,https://www.imdb.com/title/tt0317705/?ref_=chttp_t_230,"https://m.media-amazon.com/images/M/MV5BMTY5OTU0OTc2NV5BMl5BanBnXkFtZTcwMzU4MDcyMQ@@._V1_QL75_UX140_CR0,0,140,207_.jpg",2004,1h 55m,PG,8
231, To Be or Not to Be,https://www.imdb.com/title/tt0035446/?ref_=chttp_t_231,"https://m.media-amazon.com/images/M/MV5BMGY3ZDgzY2MtNTllNi00ZWI1LTk1NTUtNWEzN2Q4YTA1ZGZiXkEyXkFqcGdeQXVyNzI1NzMxNzM@._V1_QL75_UY207_CR2,0,140,207_.jpg",1942,1h 39m,Passed,8.2
232, Groundhog Day,https://www.imdb.com/title/tt0107048/?ref_=chttp_t_232,"https://m.media-amazon.com/images/M/MV5BZWIxNzM5YzQtY2FmMS00Yjc3LWI1ZjUtNGVjMjMzZTIxZTIxXkEyXkFqcGdeQXVyNjU0OTQ0OTY@._V1_QL75_UX140_CR0,0,140,207_.jpg",1993,1h 41m,PG,8
233, The Grapes of Wrath,https://www.imdb.com/title/tt0032551/?ref_=chttp_t_233,"https://m.media-amazon.com/images/M/MV5BNzJiOGI2MjctYjUyMS00ZjkzLWE2ZmUtOTg4NTZkOTNhZDc1L2ltYWdlXkEyXkFqcGdeQXVyNjc1NTYyMjg@._V1_QL75_UX140_CR0,0,140,207_.jpg",1940,2h 9m,Passed,8.1
234, Hachi: A Dog's Tale,https://www.imdb.com/title/tt1028532/?ref_=chttp_t_234,"https://m.media-amazon.com/images/M/MV5BNzE4NDg5OWMtMzg3NC00ZDRjLTllMDMtZTRjNWZmNjBmMGZlXkEyXkFqcGdeQXVyMTMxODk2OTU@._V1_QL75_UY207_CR3,0,140,207_.jpg",2009,1h 33m,G,8.1
235, My Father and My Son,https://www.imdb.com/title/tt0476735/?ref_=chttp_t_235,"https://m.media-amazon.com/images/M/MV5BNzEzMWYyYjEtNmVjZS00YTAyLWIyOTgtMzEzNzQxMTQzZTgwXkEyXkFqcGdeQXVyMTA0MTM5NjI2._V1_QL75_UX140_CR0,1,140,207_.jpg",2005,1h 52m,Not Rated,8.2
236, The Battle of Algiers,https://www.imdb.com/title/tt0058946/?ref_=chttp_t_236,"https://m.media-amazon.com/images/M/MV5BN2M4YTA4ZTEtN2EyNy00YTlmLWE4YzYtYjYyYjRkMWM4ZDM0XkEyXkFqcGdeQXVyMjUzOTY1NTc@._V1_QL75_UX140_CR0,3,140,207_.jpg",1966,2h 1m,Not Rated,8.1
237, The Handmaiden,https://www.imdb.com/title/tt4016934/?ref_=chttp_t_237,"https://m.media-amazon.com/images/M/MV5BNDJhYTk2MTctZmVmOS00OTViLTgxNjQtMzQxOTRiMDdmNGRjXkEyXkFqcGdeQXVyMTMxODk2OTU@._V1_QL75_UY207_CR2,0,140,207_.jpg",2016,2h 25m,Not Rated,8.1
238, Amores Perros,https://www.imdb.com/title/tt0245712/?ref_=chttp_t_238,"https://m.media-amazon.com/images/M/MV5BZjUxNmEwOGItMTBmYi00MWQ1LWExY2MtNDUxMjI0OWM4M2NiXkEyXkFqcGdeQXVyMjUzOTY1NTc@._V1_QL75_UX140_CR0,1,140,207_.jpg",2000,2h 34m,R,8.1
239, Rebecca,https://www.imdb.com/title/tt0032976/?ref_=chttp_t_239,"https://m.media-amazon.com/images/M/MV5BYTcxYWExOTMtMWFmYy00ZjgzLWI0YjktNWEzYzJkZTg0NDdmL2ltYWdlXkEyXkFqcGdeQXVyNjc1NTYyMjg@._V1_QL75_UY207_CR2,0,140,207_.jpg",1940,2h 10m,Approved,8.1
240, Cool Hand Luke,https://www.imdb.com/title/tt0061512/?ref_=chttp_t_240,"https://m.media-amazon.com/images/M/MV5BNjcwNTQ3Y2EtMjdmZi00ODBhLWFhNzQtOTc3MWU5NTZlMDViXkEyXkFqcGdeQXVyMjUzOTY1NTc@._V1_QL75_UX140_CR0,4,140,207_.jpg",1967,2h 7m,GP,8.1
241, The Sound of Music,https://www.imdb.com/title/tt0059742/?ref_=chttp_t_241,"https://m.media-amazon.com/images/M/MV5BNWFhNjg3YjctMjg2Ny00YjBkLTg5M2EtMTk2MjA1NDY3NzQ2XkEyXkFqcGdeQXVyMTA0MTM5NjI2._V1_QL75_UX140_CR0,1,140,207_.jpg",1965,2h 52m,G,8.1
242, Pather Panchali,https://www.imdb.com/title/tt0048473/?ref_=chttp_t_242,"https://m.media-amazon.com/images/M/MV5BMmFkNDY5OTktNzY3Yy00OTFlLThhNjktOTRhMmZjZmIxYjAxXkEyXkFqcGdeQXVyNTgyNTA4MjM@._V1_QL75_UX140_CR0,1,140,207_.jpg",1955,2h 5m,Not Rated,8.2
243, It Happened One Night,https://www.imdb.com/title/tt0025316/?ref_=chttp_t_243,"https://m.media-amazon.com/images/M/MV5BYzJmMWE5NjAtNWMyZS00NmFiLWIwMDgtZDE2NzczYWFhNzIzXkEyXkFqcGdeQXVyNjc1NTYyMjg@._V1_QL75_UX140_CR0,1,140,207_.jpg",1934,1h 45m,Passed,8.1
244, The Iron Giant,https://www.imdb.com/title/tt0129167/?ref_=chttp_t_244,"https://m.media-amazon.com/images/M/MV5BYzBjZTNkMzQtZmNkOC00Yzk0LTljMjktZjk3YWVlZjY3NTk2XkEyXkFqcGdeQXVyMTUzMDUzNTI3._V1_QL75_UX140_CR0,0,140,207_.jpg",1999,1h 26m,PG,8.1
245, The 400 Blows,https://www.imdb.com/title/tt0053198/?ref_=chttp_t_245,"https://m.media-amazon.com/images/M/MV5BYjZmOWI1NTEtZjczYi00NTZhLTkyZTQtZjAyMWRkNzZkYTE5XkEyXkFqcGdeQXVyMTY3NTY5OTcx._V1_QL75_UY207_CR6,0,140,207_.jpg",1959,1h 39m,Not Rated,8.1
246, The Help,https://www.imdb.com/title/tt1454029/?ref_=chttp_t_246,"https://m.media-amazon.com/images/M/MV5BMTM5OTMyMjIxOV5BMl5BanBnXkFtZTcwNzU4MjIwNQ@@._V1_QL75_UX140_CR0,0,140,207_.jpg",2011,2h 26m,PG-13,8.1
247, Persona,https://www.imdb.com/title/tt0060827/?ref_=chttp_t_247,"https://m.media-amazon.com/images/M/MV5BYmFlOTcxMWUtZTMzMi00NWIyLTkwOTEtNjIxNmViNzc2Yzc1XkEyXkFqcGdeQXVyMjUzOTY1NTc@._V1_QL75_UX140_CR0,3,140,207_.jpg",1966,1h 23m,Not Rated,8.1
248, Life of Brian,https://www.imdb.com/title/tt0079470/?ref_=chttp_t_248,"https://m.media-amazon.com/images/M/MV5BMDA1ZWI4ZDItOTRlYi00OTUxLWFlNWQtMzM5NDI0YjA4ZGI2XkEyXkFqcGdeQXVyMjUzOTY1NTc@._V1_QL75_UX140_CR0,3,140,207_.jpg",1979,1h 34m,R,8
249, Aladdin,https://www.imdb.com/title/tt0103639/?ref_=chttp_t_249,"https://m.media-amazon.com/images/M/MV5BZTg5ZTVmM2EtZjdhZC00MzBjLWEwZTYtNWIwZDczYzZkMzA4XkEyXkFqcGdeQXVyMTQxNzMzNDI@._V1_QL75_UX140_CR0,5,140,207_.jpg",1992,1h 30m,G,8
250, Dances with Wolves,https://www.imdb.com/title/tt0099348/?ref_=chttp_t_250,"https://m.media-amazon.com/images/M/MV5BMTY3OTI5NDczN15BMl5BanBnXkFtZTcwNDA0NDY3Mw@@._V1_QL75_UX140_CR0,1,140,207_.jpg",1990,3h 1m,PG-13,8
